Rk,Year,Date,G#,Week,Age,Tm,Home,Opp,Cmp,Att,Cmp%,Yds,TD_left,Int,Rate,Sk,Sk_Yds,Y/A,AY/A,Ru_Att,Ru_Yds,Ru_Y/A,Ru_TB,Re_Tgt,Re_Rec,Re_Yds,Re_Y/R,Re_TD,Re_Ctch%,Re_Y/Tgt,Total_NP_TD,Pts,Fmb,FL,Dome,Total,RANK,NAME,PTS,FPTS,SACKS,INT,TO,PTS.1,PLAYS,YDS,PASS YDS,PASS ATT,PASS COMP,PASS TD,RUSH YDS,RUSH ATT,RUSH TD,TD_right,RZ ATT,RZ TD,RZ TD%,1D,3D%,4D%
273.0,2017,2017-09-07,1.0,1.0,40.035,NWE,1.0,KAN,16.0,36.0,44.44,267.0,0.0,0.0,70.0,3.0,20.0,7.42,7.42,2.0,0.0,0.0,0.0,0.0,0.0,0.0,,0.0,,,0.0,0.0,0.0,0.0,0,10.68,15,KAN,18,1115,31,16,26,339,1044,5842,3952,570,325,23,1890,443,15,39,51,28,54.9,352,40.1,52.9
274.0,2017,2017-09-17,2.0,2.0,40.045,NWE,0.0,NOR,30.0,39.0,76.92,447.0,3.0,0.0,139.6,2.0,11.0,11.46,13.0,2.0,9.0,4.5,0.0,0.0,0.0,0.0,,0.0,,,0.0,0.0,0.0,0.0,1,31.779999999999998,10,NOR,18,1028,42,20,25,326,1002,5384,3597,554,329,22,1787,406,11,36,48,25,52.1,308,41.0,33.3
275.0,2017,2017-09-24,3.0,3.0,40.052,NWE,1.0,HOU,25.0,35.0,71.43,378.0,5.0,0.0,146.2,5.0,41.0,10.8,13.66,1.0,6.0,6.0,0.0,0.0,0.0,0.0,,0.0,,,0.0,0.0,3.0,1.0,1,36.72,32,HOU,26,1206,32,11,16,436,973,5546,3799,501,321,30,1747,440,14,48,54,33,61.1,301,35.3,62.5
276.0,2017,2017-10-01,4.0,4.0,40.059,NWE,1.0,CAR,32.0,45.0,71.11,307.0,2.0,0.0,104.6,3.0,14.0,6.82,7.71,1.0,2.0,2.0,0.0,0.0,0.0,0.0,,0.0,,,0.0,0.0,0.0,0.0,0,20.48,11,CAR,6,1027,50,10,21,327,953,5074,3665,550,351,25,1409,353,7,34,44,21,47.7,282,37.9,35.0
277.0,2017,2017-10-05,5.0,5.0,40.063,NWE,0.0,TAM,30.0,40.0,75.0,303.0,1.0,1.0,94.1,3.0,14.0,7.58,6.95,2.0,5.0,2.5,0.0,0.0,0.0,0.0,,0.0,,,0.0,0.0,1.0,1.0,0,14.619999999999997,23,TAM,24,1165,22,13,26,382,1011,6049,4169,549,371,22,1880,440,18,44,53,29,54.7,327,48.1,22.2
278.0,2017,2017-10-15,6.0,6.0,40.073,NWE,0.0,NYJ,20.0,38.0,52.63,257.0,2.0,1.0,80.7,0.0,0.0,6.76,6.63,1.0,-1.0,-1.0,0.0,0.0,0.0,0.0,,0.0,,,0.0,0.0,0.0,0.0,0,16.18,23,NYJ,0,1157,28,11,20,382,1052,5636,3749,558,329,30,1887,466,13,46,52,29,55.8,329,37.1,45.5
288.0,2017,2017-12-31,16.0,17.0,40.15,NWE,1.0,NYJ,18.0,37.0,48.65,190.0,2.0,0.0,82.0,2.0,12.0,5.14,6.22,0.0,0.0,,0.0,0.0,0.0,0.0,,0.0,,,0.0,0.0,0.0,0.0,0,15.6,23,NYJ,0,1157,28,11,20,382,1052,5636,3749,558,329,30,1887,466,13,46,52,29,55.8,329,37.1,45.5
279.0,2017,2017-10-22,7.0,7.0,40.08,NWE,1.0,ATL,21.0,29.0,72.41,249.0,2.0,0.0,121.2,2.0,8.0,8.59,9.97,5.0,5.0,1.0,0.0,0.0,0.0,0.0,,0.0,,,0.0,0.0,1.0,0.0,1,19.46,8,ATL,12,1005,39,8,16,315,994,5094,3429,553,362,22,1665,402,9,33,48,22,45.8,323,38.3,68.4
280.0,2017,2017-10-29,8.0,8.0,40.086999999999996,NWE,1.0,LAC,32.0,47.0,68.09,333.0,1.0,0.0,95.4,3.0,16.0,7.09,7.51,1.0,2.0,2.0,0.0,0.0,0.0,0.0,,0.0,,,0.0,0.0,0.0,0.0,1,18.52,3,LAC,18,931,43,18,27,272,997,5254,3156,524,329,17,2098,430,11,29,36,13,36.1,282,38.9,30.0
281.0,2017,2017-11-12,9.0,10.0,40.101,NWE,0.0,DEN,25.0,34.0,73.53,266.0,3.0,0.0,125.4,1.0,6.0,7.82,9.59,1.0,0.0,0.0,0.0,0.0,0.0,0.0,,0.0,,,0.0,0.0,0.0,0.0,0,22.64,23,DEN,24,1020,33,10,17,382,952,4640,3210,491,294,29,1430,428,9,44,41,24,58.5,266,31.6,33.3
283.0,2017,2017-11-26,11.0,12.0,40.115,NWE,1.0,MIA,18.0,28.0,64.29,227.0,4.0,1.0,114.1,1.0,6.0,8.11,9.36,5.0,-4.0,-0.8,0.0,0.0,0.0,0.0,,0.0,,,0.0,0.0,2.0,1.0,0,22.68,27,MIA,22,1118,29,9,15,387,989,5371,3603,528,339,26,1768,431,14,44,51,32,62.7,319,36.9,25.0
285.0,2017,2017-12-11,13.0,14.0,40.13,NWE,0.0,MIA,24.0,43.0,55.81,233.0,1.0,2.0,59.5,2.0,10.0,5.42,3.79,0.0,0.0,,0.0,0.0,0.0,0.0,,0.0,,,0.0,0.0,0.0,0.0,0,9.32,27,MIA,22,1118,29,9,15,387,989,5371,3603,528,339,26,1768,431,14,44,51,32,62.7,319,36.9,25.0
284.0,2017,2017-12-03,12.0,13.0,40.122,NWE,0.0,BUF,21.0,30.0,70.0,258.0,0.0,1.0,82.4,3.0,14.0,8.6,7.1,0.0,0.0,,0.0,0.0,0.0,0.0,,0.0,,,0.0,0.0,0.0,0.0,0,8.32,18,BUF,18,1068,26,18,25,359,1066,5682,3688,573,370,14,1994,466,22,38,57,30,52.6,348,38.3,55.0
287.0,2017,2017-12-24,15.0,16.0,40.143,NWE,1.0,BUF,21.0,28.0,75.0,224.0,2.0,1.0,106.8,2.0,6.0,8.0,7.82,2.0,6.0,3.0,0.0,0.0,0.0,0.0,,0.0,,,0.0,0.0,0.0,0.0,0,15.56,18,BUF,18,1068,26,18,25,359,1066,5682,3688,573,370,14,1994,466,22,38,57,30,52.6,348,38.3,55.0
286.0,2017,2017-12-17,14.0,15.0,40.135999999999996,NWE,0.0,PIT,22.0,35.0,62.86,298.0,1.0,1.0,87.6,2.0,15.0,8.51,7.8,2.0,-2.0,-1.0,0.0,0.0,0.0,0.0,,0.0,,,0.0,0.0,0.0,0.0,0,13.72,7,PIT,2,951,56,16,22,308,940,4910,3217,499,297,20,1693,385,14,36,39,24,61.5,270,36.2,31.6
289.0,2018,2018-09-09,1.0,1.0,41.037,NWE,1.0,HOU,26.0,39.0,66.67,277.0,3.0,1.0,102.2,2.0,10.0,7.1,7.49,1.0,2.0,2.0,0.0,0.0,0.0,0.0,,0.0,,,0.0,0.0,0.0,0.0,1,22.279999999999998,4,HOU,24,1085,43,15,29,316,1022,5490,4167,594,385,28,1323,385,8,36,41,29,70.7,298,40.1,60.0
290.0,2018,2018-09-16,2.0,2.0,41.044,NWE,0.0,JAX,24.0,35.0,68.57,234.0,2.0,0.0,106.1,2.0,14.0,6.69,7.83,3.0,10.0,3.33,0.0,0.0,0.0,0.0,,0.0,,,0.0,0.0,1.0,1.0,0,18.36,4,JAX,16,966,37,11,17,316,970,4983,3113,499,312,17,1870,434,16,34,47,24,51.1,288,37.7,25.0
291.0,2018,2018-09-23,3.0,3.0,41.051,NWE,0.0,DET,14.0,26.0,53.85,133.0,1.0,1.0,65.1,2.0,13.0,5.12,4.15,1.0,2.0,2.0,0.0,0.0,0.0,0.0,,0.0,,,0.0,0.0,0.0,0.0,1,8.52,16,DET,12,1103,43,7,14,360,942,5360,3599,496,323,29,1761,403,11,44,47,27,57.4,315,37.1,52.9
292.0,2018,2018-09-30,4.0,4.0,41.058,NWE,1.0,MIA,23.0,35.0,65.71,274.0,3.0,2.0,94.2,0.0,0.0,7.83,6.97,0.0,0.0,,0.0,0.0,0.0,0.0,,0.0,,,0.0,0.0,0.0,0.0,0,18.96,27,MIA,18,1259,31,21,28,433,1024,6257,3932,508,335,31,2325,485,17,52,61,37,60.7,350,42.9,40.0
301.0,2018,2018-12-09,13.0,14.0,41.128,NWE,0.0,MIA,27.0,43.0,62.79,358.0,3.0,0.0,112.4,2.0,14.0,8.33,9.72,1.0,3.0,3.0,0.0,0.0,0.0,0.0,,0.0,,,0.0,0.0,0.0,0.0,0,26.62,27,MIA,18,1259,31,21,28,433,1024,6257,3932,508,335,31,2325,485,17,52,61,37,60.7,350,42.9,40.0
293.0,2018,2018-10-04,5.0,5.0,41.062,NWE,1.0,IND,34.0,44.0,77.27,341.0,3.0,2.0,102.6,0.0,0.0,7.75,7.07,3.0,-1.0,-0.33,1.0,0.0,0.0,0.0,,0.0,,,1.0,6.0,0.0,0.0,1,28.54,10,IND,0,1047,38,15,26,344,995,5431,3805,542,384,21,1626,415,12,37,43,23,53.5,315,41.0,46.7
294.0,2018,2018-10-14,6.0,6.0,41.071999999999996,NWE,1.0,KAN,24.0,35.0,68.57,340.0,1.0,0.0,109.2,2.0,13.0,9.71,10.29,3.0,2.0,0.67,1.0,0.0,0.0,0.0,,0.0,,,1.0,6.0,2.0,1.0,0,23.8,24,KAN,24,1298,52,15,27,421,1109,6488,4374,632,406,30,2114,425,19,51,58,42,72.4,419,41.5,66.7
295.0,2018,2018-10-21,7.0,7.0,41.07899999999999,NWE,0.0,CHI,25.0,36.0,69.44,277.0,3.0,1.0,108.2,1.0,4.0,7.69,8.11,1.0,6.0,6.0,0.0,0.0,0.0,0.0,,0.0,,,0.0,0.0,0.0,0.0,0,21.68,1,CHI,38,901,50,27,36,283,1004,4795,3515,615,377,22,1280,339,5,30,40,20,50.0,278,34.2,57.1
296.0,2018,2018-10-29,8.0,8.0,41.086999999999996,NWE,0.0,BUF,29.0,45.0,64.44,324.0,0.0,0.0,85.8,2.0,13.0,7.2,7.2,1.0,8.0,8.0,0.0,0.0,0.0,0.0,,0.0,,,0.0,0.0,1.0,0.0,0,13.760000000000002,18,BUF,2,963,36,16,27,374,968,4706,2867,492,313,22,1839,440,17,44,48,34,70.8,293,36.5,54.5
303.0,2018,2018-12-23,15.0,16.0,41.141999999999996,NWE,1.0,BUF,13.0,24.0,54.17,126.0,1.0,2.0,48.3,1.0,9.0,5.25,2.33,0.0,0.0,,0.0,0.0,0.0,0.0,,0.0,,,0.0,0.0,0.0,0.0,0,5.039999999999999,18,BUF,2,963,36,16,27,374,968,4706,2867,492,313,22,1839,440,17,44,48,34,70.8,293,36.5,54.5
297.0,2018,2018-11-04,9.0,9.0,41.093,NWE,1.0,GNB,22.0,35.0,62.86,294.0,1.0,0.0,99.0,2.0,21.0,8.4,8.97,5.0,-1.0,-0.2,0.0,0.0,0.0,0.0,,0.0,,,0.0,0.0,0.0,0.0,0,15.66,22,GNB,6,1195,44,7,15,400,1017,5670,3752,527,336,30,1918,446,15,47,56,34,60.7,331,37.3,66.7
298.0,2018,2018-11-11,10.0,10.0,41.1,NWE,0.0,TEN,21.0,41.0,51.22,254.0,0.0,0.0,70.6,3.0,23.0,6.2,6.2,1.0,0.0,0.0,0.0,1.0,1.0,6.0,6.0,0.0,,6.0,0.0,0.0,0.0,0.0,0,11.76,3,TEN,12,1013,39,11,17,303,1001,5334,3471,533,337,21,1863,429,9,32,47,21,44.7,298,36.6,55.0
299.0,2018,2018-11-25,11.0,12.0,41.114,NWE,0.0,NYJ,20.0,31.0,64.52,283.0,2.0,0.0,115.4,0.0,0.0,9.13,10.42,1.0,-1.0,-1.0,0.0,0.0,0.0,0.0,,0.0,,,0.0,0.0,0.0,0.0,0,19.22,29,NYJ,18,1270,39,13,20,441,1061,6086,4065,582,367,29,2021,440,17,49,59,31,52.5,343,33.8,64.3
304.0,2018,2018-12-30,16.0,17.0,41.148999999999994,NWE,1.0,NYJ,24.0,33.0,72.73,250.0,4.0,0.0,133.8,1.0,6.0,7.58,10.0,0.0,0.0,,0.0,0.0,0.0,0.0,,0.0,,,0.0,0.0,0.0,0.0,0,26.0,29,NYJ,18,1270,39,13,20,441,1061,6086,4065,582,367,29,2021,440,17,49,59,31,52.5,343,33.8,64.3
300.0,2018,2018-12-02,12.0,13.0,41.121,NWE,1.0,MIN,24.0,32.0,75.0,311.0,1.0,1.0,102.5,0.0,0.0,9.72,8.94,2.0,5.0,2.5,0.0,0.0,0.0,0.0,,0.0,,,0.0,0.0,0.0,0.0,1,15.939999999999998,9,MIN,18,946,50,12,20,341,993,4955,3140,503,315,15,1815,440,13,34,49,22,44.9,303,30.5,47.4
302.0,2018,2018-12-16,14.0,15.0,41.135,NWE,0.0,PIT,25.0,36.0,69.44,279.0,1.0,1.0,89.9,1.0,7.0,7.75,7.06,0.0,0.0,,0.0,0.0,0.0,0.0,,0.0,,,0.0,0.0,0.0,0.0,0,13.16,16,PIT,22,1097,52,8,15,360,987,5235,3697,566,362,27,1538,369,13,42,49,29,59.2,317,36.5,53.8
305.0,2019,2019-09-08,1.0,1.0,42.036,NWE,1.0,PIT,24.0,36.0,66.67,341.0,3.0,0.0,124.9,1.0,7.0,9.47,11.14,0.0,0.0,,0.0,0.0,0.0,0.0,,0.0,,,0.0,0.0,0.0,0.0,0,25.64,5,PIT,18,918,54,20,38,303,1030,4866,3113,514,314,23,1753,462,7,32,46,23,50.0,304,36.4,47.6
306.0,2019,2019-09-15,2.0,2.0,42.043,NWE,0.0,MIA,20.0,28.0,71.43,264.0,2.0,0.0,124.7,2.0,9.0,9.43,10.86,2.0,1.0,0.5,1.0,0.0,0.0,0.0,,0.0,,,1.0,6.0,0.0,0.0,0,24.660000000000004,32,MIA,8,1404,23,13,16,494,1053,6364,4198,545,344,39,2166,485,15,57,59,37,62.7,361,41.8,61.5
320.0,2019,2019-12-29,16.0,17.0,42.148,NWE,1.0,MIA,16.0,29.0,55.17,221.0,2.0,1.0,88.4,1.0,4.0,7.62,7.45,0.0,0.0,,0.0,0.0,0.0,0.0,,0.0,,,0.0,0.0,0.0,0.0,0,14.84,32,MIA,8,1404,23,13,16,494,1053,6364,4198,545,344,39,2166,485,15,57,59,37,62.7,361,41.8,61.5
307.0,2019,2019-09-22,3.0,3.0,42.05,NWE,1.0,NYJ,28.0,42.0,66.67,306.0,2.0,0.0,103.9,0.0,0.0,7.29,8.24,2.0,-1.0,-0.5,0.0,0.0,0.0,0.0,,0.0,,,0.0,0.0,0.0,0.0,0,20.14,16,NYJ,34,1073,35,12,21,359,1037,5170,3779,585,363,25,1391,417,12,39,48,26,54.2,302,39.1,25.0
311.0,2019,2019-10-21,7.0,7.0,42.07899999999999,NWE,0.0,NYJ,31.0,45.0,68.89,249.0,1.0,1.0,80.7,0.0,0.0,5.53,4.98,0.0,0.0,,0.0,0.0,0.0,0.0,,0.0,,,0.0,0.0,0.0,0.0,0,11.96,16,NYJ,34,1073,35,12,21,359,1037,5170,3779,585,363,25,1391,417,12,39,48,26,54.2,302,39.1,25.0
308.0,2019,2019-09-29,4.0,4.0,42.056999999999995,NWE,0.0,BUF,18.0,39.0,46.15,150.0,0.0,1.0,45.9,0.0,0.0,3.85,2.69,3.0,-3.0,-1.0,0.0,0.0,0.0,0.0,,0.0,,,0.0,0.0,0.0,0.0,0,3.7,2,BUF,2,857,44,14,23,259,985,4772,3123,553,348,15,1649,388,12,30,43,24,55.8,295,35.8,38.1
319.0,2019,2019-12-21,15.0,16.0,42.14,NWE,1.0,BUF,26.0,33.0,78.79,271.0,1.0,0.0,111.0,0.0,0.0,8.21,8.82,4.0,4.0,1.0,0.0,0.0,0.0,0.0,,0.0,,,0.0,0.0,0.0,0.0,0,15.24,2,BUF,2,857,44,14,23,259,985,4772,3123,553,348,15,1649,388,12,30,43,24,55.8,295,35.8,38.1
309.0,2019,2019-10-06,5.0,5.0,42.06399999999999,NWE,0.0,WAS,28.0,42.0,66.67,348.0,3.0,1.0,106.1,4.0,36.0,8.29,8.64,0.0,0.0,,0.0,0.0,0.0,0.0,,0.0,,,0.0,0.0,0.0,0.0,0,23.92,27,WAS,0,1282,46,13,22,435,1079,6162,3823,540,371,35,2339,493,14,52,59,36,61.0,354,48.9,63.2
310.0,2019,2019-10-10,6.0,6.0,42.068000000000005,NWE,1.0,NYG,31.0,41.0,75.61,334.0,0.0,1.0,88.9,3.0,21.0,8.15,7.05,7.0,6.0,0.86,2.0,0.0,0.0,0.0,,0.0,,,2.0,12.0,2.0,1.0,0,23.96,30,NYG,14,1281,36,10,16,451,1061,6037,4225,556,369,30,1812,469,19,54,54,31,57.4,343,39.8,57.1
312.0,2019,2019-10-27,8.0,8.0,42.085,NWE,1.0,CLE,20.0,36.0,55.56,259.0,2.0,0.0,96.9,3.0,20.0,7.19,8.31,0.0,0.0,,0.0,0.0,0.0,0.0,,0.0,,,0.0,0.0,0.0,0.0,0,18.36,20,CLE,6,1158,38,14,20,393,1014,5785,3470,513,318,25,2315,463,19,46,57,35,61.4,345,37.9,35.3
313.0,2019,2019-11-03,9.0,9.0,42.092,NWE,0.0,BAL,30.0,46.0,65.22,285.0,1.0,1.0,80.4,2.0,17.0,6.2,5.65,0.0,0.0,,0.0,0.0,0.0,0.0,,0.0,,,0.0,0.0,1.0,0.0,0,13.4,3,BAL,38,893,37,13,25,282,921,4809,3315,544,318,15,1494,340,12,29,44,21,47.7,276,37.1,33.3
314.0,2019,2019-11-17,10.0,11.0,42.106,NWE,0.0,PHI,26.0,47.0,55.32,216.0,0.0,0.0,67.3,1.0,7.0,4.6,4.6,1.0,-1.0,-1.0,0.0,0.0,0.0,0.0,,0.0,,,0.0,0.0,0.0,0.0,0,8.540000000000001,15,PHI,18,1101,43,11,20,354,967,5307,3865,571,348,27,1442,353,13,41,43,24,55.8,289,34.1,61.1
315.0,2019,2019-11-24,11.0,12.0,42.113,NWE,1.0,DAL,17.0,37.0,45.95,190.0,1.0,0.0,70.8,2.0,9.0,5.14,5.68,2.0,-3.0,-1.5,0.0,0.0,0.0,0.0,,0.0,,,0.0,0.0,1.0,0.0,1,12.299999999999999,11,DAL,6,1037,39,7,17,321,1015,5232,3576,569,370,21,1656,407,14,35,57,29,50.9,327,33.3,45.5
316.0,2019,2019-12-01,12.0,13.0,42.12,NWE,0.0,HOU,24.0,47.0,51.06,326.0,3.0,1.0,85.9,3.0,23.0,6.94,7.26,1.0,13.0,13.0,0.0,0.0,0.0,0.0,,0.0,,,0.0,0.0,0.0,0.0,1,25.34,19,HOU,12,1259,31,12,22,385,1020,6213,4276,586,375,33,1937,403,12,46,49,35,71.4,346,48.5,43.8
317.0,2019,2019-12-08,13.0,14.0,42.126999999999995,NWE,1.0,KAN,19.0,36.0,52.78,169.0,1.0,1.0,63.3,3.0,20.0,4.69,4.0,2.0,20.0,10.0,0.0,0.0,0.0,0.0,,0.0,,,0.0,0.0,0.0,0.0,0,10.76,7,KAN,18,1041,45,16,23,308,1043,5594,3543,582,352,21,2051,416,14,36,57,29,50.9,344,37.1,51.6
318.0,2019,2019-12-15,14.0,15.0,42.13399999999999,NWE,0.0,CIN,15.0,29.0,51.72,128.0,2.0,0.0,86.6,2.0,12.0,4.41,5.79,2.0,-2.0,-1.0,0.0,0.0,0.0,0.0,,0.0,,,0.0,0.0,0.0,0.0,0,12.920000000000002,25,CIN,2,1244,31,11,16,420,1034,6299,3917,499,308,25,2382,504,17,47,51,25,49.0,328,42.6,50.0
321.0,2020,2020-09-13,1.0,1.0,43.041000000000004,TAM,0.0,NOR,23.0,36.0,63.89,239.0,2.0,2.0,78.4,3.0,15.0,6.64,5.25,3.0,9.0,3.0,1.0,0.0,0.0,0.0,,0.0,,,1.0,6.0,1.0,0.0,1,21.46,5,NOR,6,129,45,18,26,346,992,4974,3472,557,333,28,1502,390,11,39,50,34,68.0,320,38.2,53.3
329.0,2020,2020-11-08,9.0,9.0,43.097,TAM,1.0,NOR,22.0,38.0,57.89,209.0,0.0,3.0,40.4,3.0,23.0,5.5,1.95,0.0,0.0,,0.0,0.0,0.0,0.0,,0.0,,,0.0,0.0,0.0,0.0,1,3.3599999999999994,5,NOR,6,129,45,18,26,346,992,4974,3472,557,333,28,1502,390,11,39,50,34,68.0,320,38.2,53.3
322.0,2020,2020-09-20,2.0,2.0,43.048,TAM,1.0,CAR,23.0,35.0,65.71,217.0,1.0,1.0,80.3,0.0,0.0,6.2,5.49,1.0,0.0,0.0,0.0,0.0,0.0,0.0,,0.0,,,0.0,0.0,1.0,1.0,0,10.68,18,CAR,18,87,29,7,22,415,1022,5761,3825,585,398,28,1936,408,17,46,57,36,63.2,360,49.2,60.0
330.0,2020,2020-11-15,10.0,10.0,43.104,TAM,0.0,CAR,28.0,39.0,71.79,341.0,3.0,0.0,124.0,1.0,7.0,8.74,10.28,2.0,2.0,1.0,1.0,0.0,0.0,0.0,,0.0,,,1.0,6.0,0.0,0.0,0,31.84,18,CAR,18,87,29,7,22,415,1022,5761,3825,585,398,28,1936,408,17,46,57,36,63.2,360,49.2,60.0
323.0,2020,2020-09-27,3.0,3.0,43.055,TAM,0.0,DEN,25.0,38.0,65.79,297.0,3.0,0.0,115.8,2.0,12.0,7.82,9.39,5.0,0.0,0.0,0.0,0.0,0.0,0.0,,0.0,,,0.0,0.0,1.0,0.0,0,23.880000000000003,25,DEN,0,73,42,10,16,452,1043,5887,3807,567,374,21,2080,434,22,44,61,29,47.5,333,40.2,50.0
324.0,2020,2020-10-04,4.0,4.0,43.062,TAM,1.0,LAC,30.0,46.0,65.22,369.0,5.0,1.0,117.0,0.0,0.0,8.02,9.22,3.0,-3.0,-1.0,0.0,0.0,0.0,0.0,,0.0,,,0.0,0.0,0.0,0.0,1,33.46,22,LAC,14,73,27,12,19,431,997,5495,3578,543,340,29,1917,427,17,47,55,32,58.2,324,43.6,66.7
325.0,2020,2020-10-08,5.0,5.0,43.066,TAM,0.0,CHI,25.0,41.0,60.98,253.0,1.0,0.0,86.7,3.0,20.0,6.17,6.66,3.0,0.0,0.0,0.0,0.0,0.0,0.0,,0.0,,,0.0,0.0,1.0,0.0,0,14.12,12,CHI,8,91,35,10,18,379,1020,5519,3705,547,350,28,1814,438,11,39,53,29,54.7,331,38.1,59.1
326.0,2020,2020-10-18,6.0,6.0,43.076,TAM,1.0,GNB,17.0,27.0,62.96,166.0,2.0,0.0,104.9,0.0,0.0,6.15,7.63,0.0,0.0,,0.0,0.0,0.0,0.0,,0.0,,,0.0,0.0,0.0,0.0,0,14.64,15,GNB,14,95,41,11,18,382,974,5344,3539,536,346,23,1805,397,16,41,52,30,57.7,332,39.5,58.3
327.0,2020,2020-10-25,7.0,7.0,43.083,TAM,0.0,LVR,33.0,45.0,73.33,369.0,4.0,0.0,127.0,0.0,0.0,8.2,9.98,1.0,1.0,1.0,1.0,0.0,0.0,0.0,,0.0,,,1.0,6.0,0.0,0.0,1,37.86,29,LVR,0,36,21,10,15,490,1039,6225,4212,580,370,28,2013,438,24,52,68,42,61.8,381,48.8,82.4
328.0,2020,2020-11-02,8.0,8.0,43.091,TAM,0.0,NYG,28.0,40.0,70.0,279.0,2.0,0.0,106.1,2.0,16.0,6.98,7.98,1.0,-1.0,-1.0,0.0,0.0,0.0,0.0,,0.0,,,0.0,0.0,0.0,0.0,0,19.06,8,NYG,12,101,40,11,22,367,1046,5589,3807,574,388,22,1782,432,14,37,59,30,50.8,353,44.6,61.1
331.0,2020,2020-11-23,11.0,11.0,43.111999999999995,TAM,1.0,LAR,26.0,48.0,54.17,216.0,2.0,2.0,62.5,1.0,7.0,4.5,3.46,0.0,0.0,,0.0,0.0,0.0,0.0,,0.0,,,0.0,0.0,0.0,0.0,1,13.64,1,LAR,24,148,53,14,22,303,989,4511,3051,548,347,17,1460,388,12,30,46,27,58.7,280,35.4,42.9
332.0,2020,2020-11-29,12.0,12.0,43.118,TAM,1.0,KAN,27.0,41.0,65.85,345.0,3.0,2.0,96.1,1.0,3.0,8.41,7.68,1.0,-1.0,-1.0,0.0,0.0,0.0,0.0,,0.0,,,0.0,0.0,0.0,0.0,0,21.7,10,KAN,14,107,32,16,22,370,1022,5733,3779,557,349,29,1954,433,14,44,47,36,76.6,353,41.0,65.0
333.0,2020,2020-12-13,13.0,14.0,43.132,TAM,1.0,MIN,15.0,23.0,65.22,196.0,2.0,0.0,120.9,0.0,0.0,8.52,10.26,3.0,-2.0,-0.67,0.0,0.0,0.0,0.0,,0.0,,,0.0,0.0,0.0,0.0,1,16.64,30,MIN,2,57,23,15,22,492,1036,6292,4141,541,358,30,2151,472,19,50,58,34,58.6,366,39.5,70.8
334.0,2020,2020-12-20,14.0,15.0,43.138999999999996,TAM,0.0,ATL,31.0,45.0,68.89,390.0,2.0,0.0,110.4,3.0,25.0,8.67,9.56,2.0,-2.0,-1.0,0.0,0.0,0.0,0.0,,0.0,,,0.0,0.0,0.0,0.0,1,24.400000000000002,19,ATL,6,72,29,12,21,429,1034,6374,4697,625,425,34,1677,380,15,49,56,36,64.3,367,41.0,43.5
336.0,2020,2021-01-03,16.0,17.0,43.153,TAM,1.0,ATL,26.0,41.0,63.41,399.0,4.0,1.0,117.8,1.0,8.0,9.73,10.59,5.0,3.0,0.6,0.0,0.0,0.0,0.0,,0.0,,,0.0,0.0,0.0,0.0,1,31.26,19,ATL,6,72,29,12,21,429,1034,6374,4697,625,425,34,1677,380,15,49,56,36,64.3,367,41.0,43.5
335.0,2020,2020-12-26,15.0,16.0,43.145,TAM,0.0,DET,22.0,27.0,81.48,348.0,4.0,0.0,158.3,1.0,7.0,12.89,15.85,0.0,0.0,,0.0,0.0,0.0,0.0,,0.0,,,0.0,0.0,0.0,0.0,1,30.92,32,DET,2,23,24,7,12,530,1068,6716,4558,557,383,38,2158,487,27,65,65,47,72.3,415,47.2,61.1
337.0,2021,2021-09-09,1.0,1.0,44.037,TAM,1.0,DAL,32.0,50.0,64.0,379.0,4.0,2.0,97.0,0.0,0.0,7.58,7.38,0.0,0.0,,0.0,0.0,0.0,0.0,,0.0,,,0.0,0.0,0.0,0.0,1,28.16,7,DAL,36,161,41,26,34,358,1082,5967,4049,612,364,24,1918,429,13,40,46,28,60.9,327,34.1,61.5
338.0,2021,2021-09-19,2.0,2.0,44.047,TAM,1.0,ATL,24.0,36.0,66.67,276.0,5.0,0.0,129.2,3.0,17.0,7.67,10.44,1.0,6.0,6.0,0.0,0.0,0.0,0.0,,0.0,,,0.0,0.0,1.0,1.0,1,32.64,29,ATL,12,59,17,12,20,459,1114,6194,3952,577,391,31,2242,519,19,55,69,44,63.8,383,48.4,50.0
348.0,2021,2021-12-05,12.0,13.0,44.123999999999995,TAM,0.0,ATL,38.0,51.0,74.51,368.0,4.0,1.0,112.2,0.0,0.0,7.22,7.9,1.0,-1.0,-1.0,0.0,0.0,0.0,0.0,,0.0,,,0.0,0.0,0.0,0.0,1,29.619999999999997,29,ATL,12,59,17,12,20,459,1114,6194,3952,577,391,31,2242,519,19,55,69,44,63.8,383,48.4,50.0
339.0,2021,2021-09-26,3.0,3.0,44.053999999999995,TAM,0.0,LAR,41.0,55.0,74.55,432.0,1.0,0.0,103.0,3.0,21.0,7.85,8.22,3.0,14.0,4.67,1.0,0.0,0.0,0.0,,0.0,,,1.0,6.0,1.0,0.0,1,29.68,15,LAR,0,108,49,19,25,372,1118,5863,4109,625,416,17,1754,443,18,40,56,29,51.8,347,41.3,53.1
340.0,2021,2021-10-03,4.0,4.0,44.06100000000001,TAM,0.0,NWE,22.0,43.0,51.16,269.0,0.0,0.0,70.8,1.0,8.0,6.26,6.26,4.0,3.0,0.75,0.0,0.0,0.0,0.0,,0.0,,,0.0,0.0,0.0,0.0,0,11.06,2,NWE,18,154,36,23,30,303,1038,5284,3181,538,319,21,2103,464,9,35,48,23,47.9,308,36.5,53.1
341.0,2021,2021-10-10,5.0,5.0,44.068000000000005,TAM,1.0,MIA,30.0,41.0,73.17,411.0,5.0,0.0,144.4,2.0,15.0,10.02,12.46,1.0,13.0,13.0,0.0,0.0,0.0,0.0,,0.0,,,0.0,0.0,0.0,0.0,0,37.739999999999995,16,MIA,30,143,47,14,26,373,1081,5738,3871,608,373,23,1867,425,16,40,57,30,52.6,337,41.1,61.1
342.0,2021,2021-10-14,6.0,6.0,44.071999999999996,TAM,0.0,PHI,34.0,42.0,80.95,297.0,2.0,1.0,102.1,0.0,0.0,7.07,6.95,4.0,1.0,0.25,0.0,0.0,0.0,0.0,,0.0,,,0.0,0.0,0.0,0.0,0,17.980000000000004,18,PHI,30,107,29,12,16,385,1076,5590,3756,589,409,28,1834,458,18,47,60,40,66.7,358,42.9,48.3
343.0,2021,2021-10-24,7.0,7.0,44.082,TAM,1.0,CHI,20.0,36.0,55.56,211.0,4.0,0.0,109.8,0.0,0.0,5.86,8.08,0.0,0.0,,0.0,0.0,0.0,0.0,,0.0,,,0.0,0.0,0.0,0.0,0,24.439999999999998,22,CHI,14,98,49,8,16,407,1009,5384,3257,477,314,31,2127,483,14,47,54,30,55.6,321,38.4,50.0
344.0,2021,2021-10-31,8.0,8.0,44.089,TAM,0.0,NOR,28.0,40.0,70.0,375.0,4.0,2.0,112.0,3.0,25.0,9.38,9.13,1.0,2.0,2.0,0.0,0.0,0.0,0.0,,0.0,,,0.0,0.0,1.0,1.0,1,28.2,4,NOR,12,138,46,18,25,335,1064,5410,3821,592,369,20,1589,426,12,35,46,20,43.5,304,37.1,42.9
350.0,2021,2021-12-19,14.0,15.0,44.138000000000005,TAM,1.0,NOR,26.0,48.0,54.17,214.0,0.0,1.0,57.1,4.0,30.0,4.46,3.52,1.0,2.0,2.0,0.0,0.0,0.0,0.0,,0.0,,,0.0,0.0,1.0,1.0,1,7.760000000000001,4,NOR,12,138,46,18,25,335,1064,5410,3821,592,369,20,1589,426,12,35,46,20,43.5,304,37.1,42.9
345.0,2021,2021-11-14,9.0,10.0,44.103,TAM,0.0,WAS,23.0,34.0,67.65,220.0,2.0,2.0,80.5,0.0,0.0,6.47,5.0,1.0,2.0,2.0,0.0,0.0,0.0,0.0,,0.0,,,0.0,0.0,0.0,0.0,0,13.0,25,WAS,18,94,37,11,19,434,1065,6108,4333,597,400,34,1775,430,14,51,59,35,59.3,346,48.5,60.0
346.0,2021,2021-11-22,10.0,11.0,44.111000000000004,TAM,1.0,NYG,30.0,46.0,65.22,307.0,2.0,1.0,89.7,0.0,0.0,6.67,6.57,1.0,10.0,10.0,0.0,0.0,0.0,0.0,,0.0,,,0.0,0.0,0.0,0.0,0,19.28,23,NYG,8,86,34,15,22,416,1137,6032,3839,611,402,27,2193,492,15,45,71,37,52.1,365,39.8,65.2
347.0,2021,2021-11-28,11.0,12.0,44.117,TAM,0.0,IND,25.0,34.0,73.53,226.0,1.0,1.0,88.6,2.0,9.0,6.65,5.91,2.0,2.0,1.0,0.0,0.0,0.0,0.0,,0.0,,,0.0,0.0,0.0,0.0,1,12.239999999999998,9,IND,8,122,33,19,33,365,1050,5834,3980,597,390,32,1854,420,10,43,53,34,64.2,334,40.5,57.1
349.0,2021,2021-12-12,13.0,14.0,44.131,TAM,1.0,BUF,31.0,46.0,67.39,363.0,2.0,0.0,105.6,2.0,12.0,7.89,8.76,7.0,16.0,2.29,1.0,0.0,0.0,0.0,,0.0,,,1.0,6.0,0.0,0.0,0,30.12,1,BUF,8,147,41,19,30,289,1014,4637,2771,530,297,12,1866,442,19,32,45,23,51.1,285,30.8,45.7
351.0,2021,2021-12-26,15.0,16.0,44.145,TAM,0.0,CAR,18.0,30.0,60.0,232.0,1.0,0.0,95.4,0.0,0.0,7.73,8.4,1.0,11.0,11.0,0.0,0.0,0.0,0.0,,0.0,,,0.0,0.0,0.0,0.0,0,14.379999999999999,21,CAR,2,78,39,9,16,404,1028,5201,3266,515,337,26,1935,474,16,45,52,35,67.3,311,37.8,57.1
353.0,2021,2022-01-09,17.0,18.0,44.159,TAM,1.0,CAR,29.0,37.0,78.38,326.0,3.0,0.0,130.4,1.0,2.0,8.81,10.43,0.0,0.0,,0.0,0.0,0.0,0.0,,0.0,,,0.0,0.0,0.0,0.0,0,25.04,21,CAR,2,78,39,9,16,404,1028,5201,3266,515,337,26,1935,474,16,45,52,35,67.3,311,37.8,57.1
352.0,2021,2022-01-02,16.0,17.0,44.152,TAM,0.0,NYJ,34.0,50.0,68.0,410.0,3.0,1.0,104.6,1.0,5.0,8.2,8.5,0.0,0.0,,0.0,0.0,0.0,0.0,,0.0,,,0.0,0.0,0.0,0.0,0,26.4,32,NYJ,6,51,31,7,14,504,1145,6760,4409,587,401,28,2351,525,29,58,74,45,60.8,401,44.4,61.9
354.0,2022,2022-09-11,1.0,1.0,45.038999999999994,TAM,0.0,DAL,18.0,27.0,66.67,212.0,1.0,1.0,87.3,2.0,17.0,7.85,6.93,2.0,-1.0,-0.5,0.0,0.0,0.0,0.0,,0.0,,,0.0,0.0,0.0,0.0,1,11.38,8,DAL,0,20,13,2,2,52,196,937,529,100,62,2,408,83,1,3,4,2,50.0,59,33.3,50.0
355.0,2022,2022-09-18,2.0,2.0,45.04600000000001,TAM,0.0,NOR,18.0,34.0,52.94,190.0,1.0,0.0,79.3,1.0,2.0,5.59,6.18,3.0,-2.0,-0.67,0.0,0.0,0.0,0.0,,0.0,,,0.0,0.0,1.0,1.0,1,12.4,19,NOR,0,11,4,0,3,68,195,969,551,92,50,2,418,99,2,6,6,2,33.3,51,31.8,0.0
356.0,2022,2022-09-25,3.0,3.0,45.053000000000004,TAM,1.0,GNB,31.0,42.0,73.81,271.0,1.0,0.0,98.4,3.0,20.0,6.45,6.93,1.0,-1.0,-1.0,0.0,0.0,0.0,0.0,,0.0,,,0.0,0.0,0.0,0.0,0,14.74,6,GNB,0,21,7,1,3,45,161,908,568,85,61,3,340,69,1,4,6,3,50.0,49,22.6,66.7
