Rk,Year,Date,G#,Week,Age,Tm,,Opp,Result,GS,Cmp,Att,Cmp%,Yds,TD,Int,Rate,Sk,Yds,Y/A,AY/A,Att,Yds,Y/A,TD,Tgt,Rec,Yds,Y/R,TD,Ctch%,Y/Tgt,TD,Pts,Fmb,FL,FF,FR,Yds,TD,Pnt,Yds,Y/P,Blck,Num,Pct,Num,Pct,Num,Pct,Status
1,2000,2000-09-03,1,1,23,NWE,,TAM,L 16-21,Inactive,,,,,,,,,,,,,,,,,,,,,,,,,,,,,,,,,,,,,,,,,
2,2000,2000-09-11,2,2,23,NWE,0,NYJ,L 19-20,Inactive,,,,,,,,,,,,,,,,,,,,,,,,,,,,,,,,,,,,,,,,,
3,2000,2000-09-17,3,3,23,NWE,,MIN,L 13-21,Inactive,,,,,,,,,,,,,,,,,,,,,,,,,,,,,,,,,,,,,,,,,
4,2000,2000-09-24,4,4,23,NWE,0,MIA,L 3-10,Inactive,,,,,,,,,,,,,,,,,,,,,,,,,,,,,,,,,,,,,,,,,
5,2000,2000-10-01,5,5,23,NWE,0,DEN,W 28-19,Inactive,,,,,,,,,,,,,,,,,,,,,,,,,,,,,,,,,,,,,,,,,
6,2000,2000-10-08,6,6,23,NWE,,IND,W 24-16,Inactive,,,,,,,,,,,,,,,,,,,,,,,,,,,,,,,,,,,,,,,,,
7,2000,2000-10-15,7,7,23,NWE,,NYJ,L 17-34,Inactive,,,,,,,,,,,,,,,,,,,,,,,,,,,,,,,,,,,,,,,,,
8,2000,2000-10-22,8,8,23,NWE,0,IND,L 23-30,Inactive,,,,,,,,,,,,,,,,,,,,,,,,,,,,,,,,,,,,,,,,,
9,2000,2000-11-05,9,10,23,NWE,,BUF,L 13-16,Inactive,,,,,,,,,,,,,,,,,,,,,,,,,,,,,,,,,,,,,,,,,
10,2000,2000-11-12,10,11,23,NWE,0,CLE,L 11-19,Inactive,,,,,,,,,,,,,,,,,,,,,,,,,,,,,,,,,,,,,,,,,
11,2000,2000-11-19,11,12,23,NWE,,CIN,W 16-13,Did Not Play,,,,,,,,,,,,,,,,,,,,,,,,,,,,,,,,,,,,,,,,,
12,2000,2000-11-23,12,13,23,NWE,0,DET,L 9-34,,1,3,33.33,6,0,0,42.4,0,0,2,2,0,0,,0,0,0,0,,0,0.00%,,0,0,0,,0,0,0,0,0,0,,0,,,,,,,
13,2000,2000-12-04,13,14,23,NWE,,KAN,W 30-24,Inactive,,,,,,,,,,,,,,,,,,,,,,,,,,,,,,,,,,,,,,,,,
14,2000,2000-12-10,14,15,23,NWE,0,CHI,L 17-24,Inactive,,,,,,,,,,,,,,,,,,,,,,,,,,,,,,,,,,,,,,,,,
15,2000,2000-12-17,15,16,23,NWE,0,BUF,W 13-10,Inactive,,,,,,,,,,,,,,,,,,,,,,,,,,,,,,,,,,,,,,,,,
16,2000,2000-12-24,16,17,23,NWE,,MIA,L 24-27,Inactive,,,,,,,,,,,,,,,,,,,,,,,,,,,,,,,,,,,,,,,,,
17,2001,2001-09-09,1,1,23,NWE,0,CIN,L 17-23,Did Not Play,,,,,,,,,,,,,,,,,,,,,,,,,,,,,,,,,,,,,,,,,
18,2001,2001-09-23,2,2,24,NWE,,NYJ,L 3-10,,5,10,50,46,0,0,62.9,0,0,4.6,4.6,1,9,9,0,0,0,0,,0,0.00%,,0,0,0,,0,0,0,0,0,0,,0,,,,,,,
19,2001,2001-09-30,3,3,24,NWE,,IND,W 44-13,*,13,23,56.52,168,0,0,79.6,1,9,7.3,7.3,1,2,2,0,0,0,0,,0,0.00%,,0,0,0,,0,0,0,0,0,0,,0,,,,,,,
20,2001,2001-10-07,4,4,24,NWE,0,MIA,L 10-30,*,12,24,50,86,0,0,58.7,4,17,3.58,3.58,2,9,4.5,0,0,0,0,,0,0.00%,,0,0,2,0,0,0,-14,0,0,0,,0,,,,,,,
21,2001,2001-10-14,5,5,24,NWE,,SDG,W 29-26,*,33,54,61.11,364,2,0,93.4,3,19,6.74,7.48,1,0,0,0,0,0,0,,0,0.00%,,0,0,2,0,0,0,-1,0,0,0,,0,,,,,,,
22,2001,2001-10-21,6,6,24,NWE,0,IND,W 38-17,*,16,20,80,202,3,0,148.3,0,0,10.1,13.1,2,-2,-1,0,0,0,0,,0,0.00%,,0,0,0,,0,0,0,0,0,0,,0,,,,,,,
23,2001,2001-10-28,7,7,24,NWE,0,DEN,L 20-31,*,25,38,65.79,203,2,4,57.1,2,20,5.34,1.66,2,-1,-0.5,0,0,0,0,,0,0.00%,,0,0,1,0,0,1,-3,0,0,0,,0,,,,,,,
24,2001,2001-11-04,8,8,24,NWE,0,ATL,W 24-10,*,21,31,67.74,250,3,0,124.4,3,14,8.06,10,3,0,0,0,0,0,0,,0,0.00%,,0,0,0,,0,0,0,0,0,0,,0,,,,,,,
25,2001,2001-11-11,9,9,24,NWE,,BUF,W 21-11,*,15,21,71.43,107,1,1,78.9,7,36,5.1,3.9,4,-1,-0.25,0,0,0,0,,0,0.00%,,0,0,2,1,0,1,0,0,0,0,,0,,,,,,,
26,2001,2001-11-18,10,10,24,NWE,,STL,L 17-24,*,19,27,70.37,185,1,2,70.8,2,6,6.85,4.26,2,6,3,0,0,0,0,,0,0.00%,,0,0,0,,0,0,0,0,0,0,,0,,,,,,,
27,2001,2001-11-25,11,11,24,NWE,,NOR,W 34-17,*,19,26,73.08,258,4,0,143.9,4,17,9.92,13,4,14,3.5,0,0,0,0,,0,0.00%,,0,0,2,0,0,0,0,0,0,0,,0,,,,,,,
28,2001,2001-12-02,12,12,24,NWE,0,NYJ,W 17-16,*,20,28,71.43,213,0,0,93.3,3,22,7.61,7.61,3,0,0,0,0,0,0,,0,0.00%,,0,0,1,0,0,0,0,0,0,0,,0,,,,,,,
29,2001,2001-12-09,13,13,24,NWE,,CLE,W 27-16,*,19,28,67.86,218,0,2,61.3,3,9,7.79,4.57,4,-3,-0.75,0,0,0,0,,0,0.00%,,0,0,0,,0,0,0,0,0,0,,0,,,,,,,
30,2001,2001-12-16,14,14,24,NWE,0,BUF,W 12-9,*,19,35,54.29,237,0,1,63.6,5,31,6.77,5.49,3,13,4.33,0,0,0,0,,0,0.00%,,0,0,0,,0,0,0,0,0,0,,0,,,,,,,
31,2001,2001-12-22,15,15,24,NWE,,MIA,W 20-13,*,11,19,57.89,108,1,0,91.6,3,14,5.68,6.74,3,-5,-1.67,0,1,1,23,23,0,100.00%,23,0,0,1,0,0,1,0,0,0,0,,0,,,,,,,
32,2001,2002-01-06,16,17,24,NWE,0,CAR,W 38-6,*,17,29,58.62,198,1,2,62.1,1,2,6.83,4.41,1,2,2,0,0,0,0,,0,0.00%,,0,0,1,0,0,1,0,0,0,0,,0,,,,,,,
33,2002,2002-09-09,1,1,25,NWE,,PIT,W 30-14,*,29,43,67.44,294,3,0,110,2,14,6.84,8.23,0,0,,0,0,0,0,,0,0.00%,,0,0,0,,0,0,0,0,0,0,,0,,,,,,,
34,2002,2002-09-15,2,2,25,NWE,0,NYJ,W 44-7,*,25,35,71.43,269,2,1,100.8,0,0,7.69,7.54,2,5,2.5,0,0,0,0,,0,0.00%,,0,0,0,,0,0,0,0,0,0,,0,,,,,,,
35,2002,2002-09-22,3,3,25,NWE,,KAN,W 41-38,*,39,54,72.22,410,4,1,110.9,4,11,7.59,8.24,1,2,2,0,0,0,0,,0,0.00%,,0,0,1,0,0,2,0,0,0,0,,0,,,,,,,
36,2002,2002-09-29,4,4,25,NWE,0,SDG,L 14-21,*,36,53,67.92,353,2,2,83.3,0,0,6.66,5.72,1,3,3,0,0,0,0,,0,0.00%,,0,0,0,,0,0,0,0,0,0,,0,,,,,,,
37,2002,2002-10-06,5,5,25,NWE,0,MIA,L 13-26,*,17,31,54.84,240,2,2,74.7,3,32,7.74,6.13,1,0,0,0,0,0,0,,0,0.00%,,0,0,1,1,0,1,0,0,0,0,,0,,,,,,,
38,2002,2002-10-13,6,6,25,NWE,,GNB,L 10-28,*,24,44,54.55,183,1,3,44,2,17,4.16,1.55,5,26,5.2,0,0,0,0,,0,0.00%,,0,0,2,1,0,1,-9,0,0,0,,0,,,,,,,
39,2002,2002-10-27,7,8,25,NWE,,DEN,L 16-24,*,15,29,51.72,130,1,0,75.4,5,20,4.48,5.17,2,5,2.5,0,0,0,0,,0,0.00%,,0,0,0,,0,0,0,0,0,0,,0,,,,,,,
40,2002,2002-11-03,8,9,25,NWE,0,BUF,W 38-7,*,22,26,84.62,265,3,0,147.6,1,2,10.19,12.5,1,-1,-1,0,0,0,0,,0,0.00%,,0,0,0,,0,0,0,0,0,0,,0,,,,,,,
41,2002,2002-11-10,9,10,25,NWE,0,CHI,W 33-30,*,36,55,65.45,328,3,1,92.1,2,13,5.96,6.24,3,16,5.33,0,0,0,0,,0,0.00%,,0,0,2,1,0,1,-3,0,0,0,,0,,,,,,,
42,2002,2002-11-17,10,11,25,NWE,0,OAK,L 20-27,*,18,30,60,172,0,0,76,4,25,5.73,5.73,1,1,1,0,0,0,0,,0,0.00%,,0,0,1,1,0,0,0,0,0,0,,0,,,,,,,
43,2002,2002-11-24,11,12,25,NWE,,MIN,W 24-17,*,21,34,61.76,239,3,0,112.3,2,20,7.03,8.79,6,4,0.67,0,0,0,0,,0,0.00%,,0,0,2,0,0,0,-10,0,0,0,,0,,,,,,,
44,2002,2002-11-28,12,13,25,NWE,0,DET,W 20-12,*,18,30,60,210,0,1,67.4,0,0,7,5.5,4,12,3,0,0,0,0,,0,0.00%,,0,0,0,,0,0,0,0,0,0,,0,,,,,,,
45,2002,2002-12-08,13,14,25,NWE,,BUF,W 27-17,*,15,27,55.56,183,2,0,101.3,0,0,6.78,8.26,5,-5,-1,0,0,0,0,,0,0.00%,,0,0,1,0,0,0,-10,0,0,0,,0,,,,,,,
46,2002,2002-12-16,14,15,25,NWE,0,TEN,L 7-24,*,14,29,48.28,134,0,1,47.2,3,17,4.62,3.07,2,10,5,1,0,0,0,,0,0.00%,,1,6,0,,0,0,0,0,0,0,,0,,,,,,,
47,2002,2002-12-22,15,16,25,NWE,,NYJ,L 17-30,*,19,37,51.35,133,1,1,57.6,2,14,3.59,2.92,4,24,6,0,0,0,0,,0,0.00%,,0,0,0,,0,0,0,0,0,0,,0,,,,,,,
48,2002,2002-12-29,16,17,25,NWE,,MIA,W 27-24,*,25,44,56.82,221,1,1,68.5,1,5,5.02,4.45,4,8,2,0,0,0,0,,0,0.00%,,0,0,1,1,0,0,0,0,0,0,,0,,,,,,,
49,2003,2003-09-07,1,1,26,NWE,0,BUF,L 0-31,*,14,28,50,123,0,4,22.5,2,20,4.39,-2.04,0,0,,0,0,0,0,,0,0.00%,,0,0,0,,0,0,0,0,0,0,,0,,,,,,,
50,2003,2003-09-14,2,2,26,NWE,0,PHI,W 31-10,*,30,44,68.18,255,3,0,105.8,2,8,5.8,7.16,6,7,1.17,0,0,0,0,,0,0.00%,,0,0,0,,0,0,0,0,0,0,,0,,,,,,,
51,2003,2003-09-21,3,3,26,NWE,,NYJ,W 23-16,*,15,25,60,181,0,0,82.2,5,34,7.24,7.24,3,-1,-0.33,1,0,0,0,,0,0.00%,,1,6,3,1,0,1,0,0,0,0,,0,,,,,,,
52,2003,2003-09-28,4,4,26,NWE,0,WAS,L 17-20,*,25,38,65.79,289,2,3,73.2,1,8,7.61,5.11,1,2,2,0,0,0,0,,0,0.00%,,0,0,0,,0,0,0,0,0,0,,0,,,,,,,
53,2003,2003-10-05,5,5,26,NWE,,TEN,W 38-30,*,17,31,54.84,219,1,0,88,3,26,7.06,7.71,3,2,0.67,0,0,0,0,,0,0.00%,,0,0,1,0,0,0,0,0,0,0,,0,,,,,,,
54,2003,2003-10-12,6,6,26,NWE,,NYG,W 17-6,*,8,21,38.1,112,0,0,56.1,2,21,5.33,5.33,3,0,0,0,0,0,0,,0,0.00%,,0,0,0,,0,0,0,0,0,0,,0,,,,,,,
55,2003,2003-10-19,7,7,26,NWE,0,MIA,W 19-13,*,24,34,70.59,283,2,0,115.2,1,10,8.32,9.5,3,10,3.33,0,0,0,0,,0,0.00%,,0,0,2,1,0,1,0,0,0,0,,0,,,,,,,
56,2003,2003-10-26,8,8,26,NWE,,CLE,W 9-3,*,20,33,60.61,259,0,0,85.3,1,6,7.85,7.85,2,-2,-1,0,0,0,0,,0,0.00%,,0,0,0,,0,0,0,0,0,0,,0,,,,,,,
57,2003,2003-11-03,9,9,26,NWE,0,DEN,W 30-26,*,20,35,57.14,350,3,1,108,0,0,10,10.43,2,-1,-0.5,0,0,0,0,,0,0.00%,,0,0,1,1,0,0,0,0,0,0,,0,,,,,,,
58,2003,2003-11-16,10,11,26,NWE,,DAL,W 12-0,*,15,34,44.12,212,0,0,64.8,2,9,6.24,6.24,1,3,3,0,0,0,0,,0,0.00%,,0,0,1,0,0,0,0,0,0,0,,0,,,,,,,
59,2003,2003-11-23,11,12,26,NWE,0,HOU,W 23-20,*,29,47,61.7,368,2,2,82.6,4,24,7.83,6.77,6,15,2.5,0,0,0,0,,0,0.00%,,0,0,2,1,0,1,-2,0,0,0,,0,,,,,,,
60,2003,2003-11-30,12,13,26,NWE,0,IND,W 38-34,*,26,35,74.29,236,2,2,87.3,2,10,6.74,5.31,2,-1,-0.5,0,0,0,0,,0,0.00%,,0,0,2,0,0,0,-3,0,0,0,,0,,,,,,,
61,2003,2003-12-07,13,14,26,NWE,,MIA,W 12-0,*,16,31,51.61,163,0,0,67,3,13,5.26,5.26,2,-2,-1,0,0,0,0,,0,0.00%,,0,0,0,,0,0,0,0,1,36,36,0,,,,,,,
62,2003,2003-12-14,14,15,26,NWE,,JAX,W 27-13,*,22,34,64.71,228,2,0,103.6,2,16,6.71,7.88,1,7,7,0,0,0,0,,0,0.00%,,0,0,0,,0,0,0,0,0,0,,0,,,,,,,
63,2003,2003-12-20,15,16,26,NWE,0,NYJ,W 21-16,*,15,25,60,138,2,0,101.7,0,0,5.52,7.12,2,1,0.5,0,0,0,0,,0,0.00%,,0,0,0,,0,0,0,0,0,0,,0,,,,,,,
64,2003,2003-12-27,16,17,26,NWE,,BUF,W 31-0,*,21,32,65.63,204,4,0,122.9,2,14,6.38,8.88,5,23,4.6,0,0,0,0,,0,0.00%,,0,0,1,1,0,0,0,0,0,0,,0,,,,,,,
65,2004,2004-09-09,1,1,27,NWE,,IND,W 27-24,*,26,38,68.42,335,3,1,111.2,2,15,8.82,9.21,1,-1,-1,0,0,0,0,,0,0.00%,,0,0,1,0,0,0,0,0,0,0,,0,,,,,,,
66,2004,2004-09-19,2,2,27,NWE,0,ARI,W 23-12,*,15,26,57.69,219,2,2,78.8,2,12,8.42,6.5,5,3,0.6,0,0,0,0,,0,0.00%,,0,0,1,1,0,0,-17,0,0,0,,0,,,,,,,
67,2004,2004-10-03,3,4,27,NWE,0,BUF,W 31-17,*,17,30,56.67,298,2,0,112.9,0,0,9.93,11.27,2,2,1,0,0,0,0,,0,0.00%,,0,0,0,,0,0,0,0,0,0,,0,,,,,,,
68,2004,2004-10-10,4,5,27,NWE,,MIA,W 24-10,*,7,19,36.84,76,2,1,62.6,1,7,4,3.74,4,-1,-0.25,0,0,0,0,,0,0.00%,,0,0,0,,0,0,0,0,0,0,,0,,,,,,,
69,2004,2004-10-17,5,6,27,NWE,,SEA,W 30-20,*,19,30,63.33,231,1,1,84.2,1,7,7.7,6.87,3,7,2.33,0,0,0,0,,0,0.00%,,0,0,1,1,0,0,0,0,0,0,,0,,,,,,,
70,2004,2004-10-24,6,7,27,NWE,,NYJ,W 13-7,*,20,29,68.97,230,1,0,104.1,3,20,7.93,8.62,3,-3,-1,0,0,0,0,,0,0.00%,,0,0,0,,0,0,0,0,0,0,,0,,,,,,,
71,2004,2004-10-31,7,8,27,NWE,0,PIT,L 20-34,*,25,43,58.14,271,2,2,72.9,4,28,6.3,5.14,0,0,,0,0,0,0,,0,0.00%,,0,0,1,1,0,0,0,0,0,0,,0,,,,,,,
72,2004,2004-11-07,8,9,27,NWE,0,STL,W 40-22,*,18,31,58.06,234,2,0,103.4,2,9,7.55,8.84,3,1,0.33,0,0,0,0,,0,0.00%,,0,0,1,1,0,0,0,0,0,0,,0,,,,,,,
73,2004,2004-11-14,9,10,27,NWE,,BUF,W 29-6,*,19,35,54.29,233,2,1,82.2,2,13,6.66,6.51,1,2,2,0,0,0,0,,0,0.00%,,0,0,0,,0,0,0,0,0,0,,0,,,,,,,
74,2004,2004-11-22,10,11,27,NWE,0,KAN,W 27-19,*,17,26,65.38,315,1,0,119.9,1,6,12.12,12.88,5,-1,-0.2,0,0,0,0,,0,0.00%,,0,0,0,,0,0,0,0,0,0,,0,,,,,,,
75,2004,2004-11-28,11,12,27,NWE,,BAL,W 24-3,*,15,30,50,172,0,0,67.6,1,2,5.73,5.73,3,3,1,0,0,0,0,,0,0.00%,,0,0,0,,0,1,0,0,0,0,,0,,,,,,,
76,2004,2004-12-05,12,13,27,NWE,0,CLE,W 42-15,*,11,20,55,157,1,1,76.5,2,14,7.85,6.6,1,10,10,0,0,0,0,,0,0.00%,,0,0,1,0,0,0,0,0,0,0,,0,,,,,,,
77,2004,2004-12-12,13,14,27,NWE,,CIN,W 35-28,*,18,26,69.23,260,2,0,127.1,1,3,10,11.54,5,2,0.4,0,0,0,0,,0,0.00%,,0,0,0,,0,0,0,0,0,0,,0,,,,,,,
78,2004,2004-12-20,14,15,27,NWE,0,MIA,L 28-29,*,18,29,62.07,171,3,4,73.3,2,15,5.9,1.76,2,-2,-1,0,0,0,0,,0,0.00%,,0,0,0,,0,0,0,0,0,0,,0,,,,,,,
79,2004,2004-12-26,15,16,27,NWE,0,NYJ,W 23-7,*,21,32,65.63,264,2,0,112,1,6,8.25,9.5,4,3,0.75,0,0,0,0,,0,0.00%,,0,0,0,,0,0,0,0,0,0,,0,,,,,,,
80,2004,2005-01-02,16,17,27,NWE,,SFO,W 21-7,*,22,30,73.33,226,2,1,102.9,1,5,7.53,7.37,1,3,3,0,0,0,0,,0,0.00%,,0,0,1,1,0,0,0,0,0,0,,0,,,,,,,
81,2005,2005-09-08,1,1,28,NWE,,OAK,W 30-20,*,24,38,63.16,306,2,0,105.8,0,0,8.05,9.11,3,-1,-0.33,0,0,0,0,,0,0.00%,,0,0,0,,0,0,0,0,0,0,,0,,,,,,,
82,2005,2005-09-18,2,2,28,NWE,0,CAR,L 17-27,*,23,44,52.27,270,1,1,69.3,2,21,6.14,5.57,0,0,,0,0,0,0,,0,0.00%,,0,0,1,1,0,0,0,0,0,0,,0,,,,,,,
83,2005,2005-09-25,3,3,28,NWE,0,PIT,W 23-20,*,31,41,75.61,372,0,1,92.7,3,26,9.07,7.98,0,0,,0,0,0,0,,0,0.00%,,0,0,0,,0,0,0,0,0,0,,0,,,,,,,
84,2005,2005-10-02,4,4,28,NWE,,SDG,L 17-41,*,19,32,59.38,224,1,1,78.1,1,8,7,6.22,2,4,2,0,0,0,0,,0,0.00%,,0,0,0,,0,0,0,0,0,0,,0,,,,,,,
85,2005,2005-10-09,5,5,28,NWE,0,ATL,W 31-28,*,22,27,81.48,350,3,1,140.4,1,8,12.96,13.52,1,1,1,0,0,0,0,,0,0.00%,,0,0,0,,0,0,0,0,0,0,,0,,,,,,,
86,2005,2005-10-16,6,6,28,NWE,0,DEN,L 20-28,*,24,46,52.17,299,1,0,79.9,0,0,6.5,6.93,1,12,12,0,0,0,0,,0,0.00%,,0,0,0,,0,0,0,0,0,0,,0,,,,,,,
87,2005,2005-10-30,7,8,28,NWE,,BUF,W 21-16,*,14,21,66.67,199,1,0,113,3,19,9.48,10.43,1,4,4,0,0,0,0,,0,0.00%,,0,0,1,1,0,0,0,0,0,0,,0,,,,,,,
88,2005,2005-11-07,8,9,28,NWE,,IND,L 21-40,*,22,33,66.67,265,3,0,121.4,1,18,8.03,9.85,1,-1,-1,0,0,0,0,,0,0.00%,,0,0,1,0,0,0,0,0,0,0,,0,,,,,,,
89,2005,2005-11-13,9,10,28,NWE,0,MIA,W 23-16,*,21,36,58.33,275,2,2,77.9,2,1,7.64,6.25,1,-1,-1,0,0,0,0,,0,0.00%,,0,0,0,,0,0,0,0,0,0,,0,,,,,,,
90,2005,2005-11-20,10,11,28,NWE,,NOR,W 24-17,*,15,29,51.72,222,3,0,111.6,3,28,7.66,9.72,1,5,5,0,0,0,0,,0,0.00%,,0,0,1,1,0,0,0,0,0,0,,0,,,,,,,
91,2005,2005-11-27,11,12,28,NWE,0,KAN,L 16-26,*,22,40,55,248,1,4,42.5,3,16,6.2,2.2,1,15,15,0,0,0,0,,0,0.00%,,0,0,0,,0,0,0,0,0,0,,0,,,,,,,
92,2005,2005-12-04,12,13,28,NWE,,NYJ,W 16-3,*,27,37,72.97,271,0,0,93.4,2,20,7.32,7.32,4,19,4.75,0,0,0,0,,0,0.00%,,0,0,0,,0,0,0,0,0,0,,0,,,,,,,
93,2005,2005-12-11,13,14,28,NWE,0,BUF,W 35-7,*,29,38,76.32,329,2,2,97.4,1,1,8.66,7.34,4,17,4.25,1,0,0,0,,0,0.00%,,1,6,0,,0,0,0,0,0,0,,0,,,,,,,
94,2005,2005-12-17,14,15,28,NWE,,TAM,W 28-0,*,20,31,64.52,258,3,0,122.8,1,5,8.32,10.26,3,6,2,0,0,0,0,,0,0.00%,,0,0,0,,0,0,0,0,0,0,,0,,,,,,,
95,2005,2005-12-26,15,16,28,NWE,0,NYJ,W 31-21,*,18,29,62.07,185,2,1,89,3,17,6.38,6.21,3,7,2.33,0,0,0,0,,0,0.00%,,0,0,0,,0,0,0,0,0,0,,0,,,,,,,
96,2005,2006-01-01,16,17,28,NWE,,MIA,L 26-28,*,3,8,37.5,37,1,1,52.6,0,0,4.63,1.5,1,2,2,0,0,0,0,,0,0.00%,,0,0,0,,0,0,0,0,0,0,,0,,,,,,,
97,2006,2006-09-10,1,1,29,NWE,,BUF,W 19-17,*,11,23,47.83,163,2,1,82.3,3,27,7.09,6.87,5,3,0.6,0,0,0,0,,0,0.00%,,0,0,2,1,0,0,0,0,0,0,,0,,,,,,,
98,2006,2006-09-17,2,2,29,NWE,0,NYJ,W 24-17,*,15,29,51.72,220,1,1,73.9,1,9,7.59,6.72,1,-1,-1,0,0,0,0,,0,0.00%,,0,0,1,1,0,0,0,0,0,0,,0,,,,,,,
99,2006,2006-09-24,3,3,29,NWE,,DEN,L 7-17,*,31,55,56.36,320,1,0,79.4,0,0,5.82,6.18,2,7,3.5,0,0,0,0,,0,0.00%,,0,0,0,,0,0,0,0,0,0,,0,,,,,,,
100,2006,2006-10-01,4,4,29,NWE,0,CIN,W 38-13,*,15,26,57.69,188,2,1,89.9,0,0,7.23,7.04,2,21,10.5,0,0,0,0,,0,0.00%,,0,0,0,,0,0,0,0,0,0,,0,,,,,,,
101,2006,2006-10-08,5,5,29,NWE,,MIA,W 20-10,*,16,29,55.17,140,2,0,91.2,1,6,4.83,6.21,4,-3,-0.75,0,0,0,0,,0,0.00%,,0,0,1,0,0,1,0,0,0,0,,0,,,,,,,
102,2006,2006-10-22,6,7,29,NWE,0,BUF,W 28-6,*,18,27,66.67,195,2,0,112.4,4,24,7.22,8.7,2,2,1,0,0,0,0,,0,0.00%,,0,0,1,0,0,0,0,0,0,0,,0,,,,,,,
103,2006,2006-10-30,7,8,29,NWE,0,MIN,W 31-7,*,29,43,67.44,372,4,1,115.6,3,27,8.65,9.47,1,1,1,0,0,0,0,,0,0.00%,,0,0,1,0,0,0,0,0,0,0,,0,,,,,,,
104,2006,2006-11-05,8,9,29,NWE,,IND,L 20-27,*,20,35,57.14,201,0,4,34,0,0,5.74,0.6,3,13,4.33,0,0,0,0,,0,0.00%,,0,0,0,,0,0,0,0,0,0,,0,,,,,,,
105,2006,2006-11-12,9,10,29,NWE,,NYJ,L 14-17,*,24,36,66.67,253,1,1,84.6,4,21,7.03,6.33,0,0,,0,0,0,0,,0,0.00%,,0,0,1,0,0,0,0,0,0,0,,0,,,,,,,
106,2006,2006-11-19,10,11,29,NWE,0,GNB,W 35-0,*,20,31,64.52,244,4,0,128.2,1,4,7.87,10.45,4,6,1.5,0,0,0,0,,0,0.00%,,0,0,2,1,0,0,-2,0,0,0,,0,,,,,,,
107,2006,2006-11-26,11,12,29,NWE,,CHI,W 17-13,*,22,33,66.67,267,1,2,76.2,0,0,8.09,5.97,6,12,2,0,0,0,0,,0,0.00%,,0,0,0,,0,0,0,0,0,0,,0,,,,,,,
108,2006,2006-12-03,12,13,29,NWE,,DET,W 28-21,*,27,38,71.05,305,0,1,83.8,2,21,8.03,6.84,6,9,1.5,0,0,0,0,,0,0.00%,,0,0,1,0,0,0,0,0,0,0,,0,,,,,,,
109,2006,2006-12-10,13,14,29,NWE,0,MIA,L 0-21,*,12,25,48,78,0,0,55.1,4,20,3.12,3.12,0,0,,0,0,0,0,,0,0.00%,,0,0,2,1,0,0,0,0,0,0,,0,,,,,,,
110,2006,2006-12-17,14,15,29,NWE,,HOU,W 40-7,*,16,23,69.57,109,2,0,108.8,1,4,4.74,6.48,2,2,1,0,0,0,0,,0,0.00%,,0,0,0,,0,0,0,0,0,0,,0,,,,,,,
111,2006,2006-12-24,15,16,29,NWE,0,JAX,W 24-21,*,28,39,71.79,249,1,0,97.1,1,7,6.38,6.9,10,31,3.1,0,0,0,0,,0,0.00%,,0,0,0,,0,0,0,0,0,0,,0,,,,,,,
112,2006,2006-12-31,16,17,29,NWE,0,TEN,W 40-23,*,15,24,62.5,225,1,0,107.1,1,5,9.38,10.21,1,-1,-1,0,0,0,0,,0,0.00%,,0,0,0,,0,0,0,0,0,0,,0,,,,,,,
113,2007,2007-09-09,1,1,30,NWE,0,NYJ,W 38-14,*,22,28,78.57,297,3,0,146.6,0,0,10.61,12.75,1,4,4,0,0,0,0,,0,0.00%,,0,0,0,,0,0,0,0,0,0,,0,,,,,,,
114,2007,2007-09-16,2,2,30,NWE,,SDG,W 38-14,*,25,31,80.65,279,3,1,123,2,16,9,9.48,1,2,2,0,0,0,0,,0,0.00%,,0,0,1,0,0,1,0,0,0,0,,0,,,,,,,
115,2007,2007-09-23,3,3,30,NWE,,BUF,W 38-7,*,23,29,79.31,311,4,0,150.9,1,3,10.72,13.48,1,2,2,0,0,0,0,,0,0.00%,,0,0,1,1,0,0,0,0,0,0,,0,,,,,,,
116,2007,2007-10-01,4,4,30,NWE,0,CIN,W 34-13,*,25,32,78.13,231,3,1,115,0,0,7.22,7.69,2,-2,-1,0,0,0,0,,0,0.00%,,0,0,0,,0,0,0,0,0,0,,0,,,,,,,
117,2007,2007-10-07,5,5,30,NWE,,CLE,W 34-17,*,22,38,57.89,265,3,0,105.7,0,0,6.97,8.55,0,0,,0,0,0,0,,0,0.00%,,0,0,0,,0,0,0,0,0,0,,0,,,,,,,
118,2007,2007-10-14,6,6,30,NWE,0,DAL,W 48-27,*,31,46,67.39,388,5,0,129.6,3,15,8.43,10.61,3,5,1.67,0,0,0,0,,0,0.00%,,0,0,1,1,0,0,0,0,0,0,,0,,,,,,,
119,2007,2007-10-21,7,7,30,NWE,0,MIA,W 49-28,*,21,25,84,354,6,0,158.3,1,10,14.16,18.96,0,0,,0,0,0,0,,0,0.00%,,0,0,0,,0,0,0,0,0,0,,0,,,,,,,
120,2007,2007-10-28,8,8,30,NWE,,WAS,W 52-7,*,29,38,76.32,306,3,0,125.5,1,0,8.05,9.63,4,14,3.5,2,0,0,0,,0,0.00%,,2,12,1,1,0,0,0,0,0,0,,0,,,,,,,
121,2007,2007-11-04,9,9,30,NWE,0,IND,W 24-20,*,21,32,65.63,255,3,2,95.2,2,18,7.97,7.03,5,14,2.8,0,0,0,0,,0,0.00%,,0,0,0,,0,0,0,0,0,0,,0,,,,,,,
122,2007,2007-11-18,10,11,30,NWE,0,BUF,W 56-10,*,31,39,79.49,373,5,0,146.1,0,0,9.56,12.13,2,9,4.5,0,0,0,0,,0,0.00%,,0,0,0,,0,0,0,0,0,0,,0,,,,,,,
123,2007,2007-11-25,11,12,30,NWE,,PHI,W 31-28,*,34,54,62.96,380,1,0,90,3,18,7.04,7.41,3,16,5.33,0,0,0,0,,0,0.00%,,0,0,0,,0,0,0,0,0,0,,0,,,,,,,
124,2007,2007-12-03,12,13,30,NWE,0,BAL,W 27-24,*,18,38,47.37,257,2,1,76.3,3,21,6.76,6.63,2,14,7,0,0,0,0,,0,0.00%,,0,0,0,,0,0,0,0,0,0,,0,,,,,,,
125,2007,2007-12-09,13,14,30,NWE,,PIT,W 34-13,*,32,46,69.57,399,4,0,125.2,0,0,8.67,10.41,1,4,4,0,0,0,0,,0,0.00%,,0,0,1,0,0,0,0,0,0,0,,0,,,,,,,
126,2007,2007-12-16,14,15,30,NWE,,NYJ,W 20-10,*,14,27,51.85,140,0,1,51.5,1,6,5.19,3.52,4,9,2.25,0,0,0,0,,0,0.00%,,0,0,0,,0,0,0,0,0,0,,0,,,,,,,
127,2007,2007-12-23,15,16,30,NWE,,MIA,W 28-7,*,18,33,54.55,215,3,2,79.7,3,11,6.52,5.61,4,11,2.75,0,0,0,0,,0,0.00%,,0,0,1,1,0,0,0,0,0,0,,0,,,,,,,
128,2007,2007-12-29,16,17,30,NWE,0,NYG,W 38-35,*,32,42,76.19,356,2,0,116.8,1,10,8.48,9.43,4,-4,-1,0,0,0,0,,0,0.00%,,0,0,0,,0,0,0,0,0,0,,0,,,,,,,
129,2008,2008-09-07,1,1,31,NWE,,KAN,W 17-10,*,7,11,63.64,76,0,0,83.9,0,0,6.91,6.91,0,0,,0,0,0,0,,0,0.00%,,0,0,0,,0,0,0,0,0,0,,0,,,,,,,
130,2008,2008-09-14,2,2,31,NWE,0,NYJ,W 19-10,Injured Reserve,,,,,,,,,,,,,,,,,,,,,,,,,,,,,,,,,,,,,,,,,
131,2008,2008-09-21,3,3,31,NWE,,MIA,L 13-38,Injured Reserve,,,,,,,,,,,,,,,,,,,,,,,,,,,,,,,,,,,,,,,,,
132,2008,2008-10-05,4,5,31,NWE,0,SFO,W 30-21,Injured Reserve,,,,,,,,,,,,,,,,,,,,,,,,,,,,,,,,,,,,,,,,,
133,2008,2008-10-12,5,6,31,NWE,0,SDG,L 10-30,Injured Reserve,,,,,,,,,,,,,,,,,,,,,,,,,,,,,,,,,,,,,,,,,
134,2008,2008-10-20,6,7,31,NWE,,DEN,W 41-7,Injured Reserve,,,,,,,,,,,,,,,,,,,,,,,,,,,,,,,,,,,,,,,,,
135,2008,2008-10-26,7,8,31,NWE,,STL,W 23-16,Injured Reserve,,,,,,,,,,,,,,,,,,,,,,,,,,,,,,,,,,,,,,,,,
136,2008,2008-11-02,8,9,31,NWE,0,IND,L 15-18,Injured Reserve,,,,,,,,,,,,,,,,,,,,,,,,,,,,,,,,,,,,,,,,,
137,2008,2008-11-09,9,10,31,NWE,,BUF,W 20-10,Injured Reserve,,,,,,,,,,,,,,,,,,,,,,,,,,,,,,,,,,,,,,,,,
138,2008,2008-11-13,10,11,31,NWE,,NYJ,L 31-34,Injured Reserve,,,,,,,,,,,,,,,,,,,,,,,,,,,,,,,,,,,,,,,,,
139,2008,2008-11-23,11,12,31,NWE,0,MIA,W 48-28,Injured Reserve,,,,,,,,,,,,,,,,,,,,,,,,,,,,,,,,,,,,,,,,,
140,2008,2008-11-30,12,13,31,NWE,,PIT,L 10-33,Injured Reserve,,,,,,,,,,,,,,,,,,,,,,,,,,,,,,,,,,,,,,,,,
141,2008,2008-12-07,13,14,31,NWE,0,SEA,W 24-21,Injured Reserve,,,,,,,,,,,,,,,,,,,,,,,,,,,,,,,,,,,,,,,,,
142,2008,2008-12-14,14,15,31,NWE,0,OAK,W 49-26,Injured Reserve,,,,,,,,,,,,,,,,,,,,,,,,,,,,,,,,,,,,,,,,,
143,2008,2008-12-21,15,16,31,NWE,,ARI,W 47-7,Injured Reserve,,,,,,,,,,,,,,,,,,,,,,,,,,,,,,,,,,,,,,,,,
144,2008,2008-12-28,16,17,31,NWE,0,BUF,W 13-0,Injured Reserve,,,,,,,,,,,,,,,,,,,,,,,,,,,,,,,,,,,,,,,,,
145,2009,2009-09-14,1,1,32,NWE,,BUF,W 25-24,*,39,53,73.58,378,2,1,97.8,1,10,7.13,7.04,1,9,9,0,0,0,0,,0,0.00%,,0,0,0,,0,0,0,0,0,0,,0,,,,,,,
146,2009,2009-09-20,2,2,32,NWE,0,NYJ,L 9-16,*,23,47,48.94,216,0,1,53.1,0,0,4.6,3.64,1,2,2,0,0,0,0,,0,0.00%,,0,0,0,,0,0,0,0,0,0,,0,,,,,,,
147,2009,2009-09-27,3,3,32,NWE,,ATL,W 26-10,*,25,42,59.52,277,1,0,87.1,0,0,6.6,7.07,3,0,0,0,0,0,0,,0,0.00%,,0,0,0,,0,0,0,0,0,0,,0,,,,,,,
148,2009,2009-10-04,4,4,32,NWE,,BAL,W 27-21,*,21,32,65.63,258,1,0,100.8,3,24,8.06,8.69,5,11,2.2,1,0,0,0,,0,0.00%,,1,6,1,1,0,0,0,0,0,0,,0,,,,,,,
149,2009,2009-10-11,5,5,32,NWE,0,DEN,L 17-20,*,19,33,57.58,215,2,0,97.4,1,6,6.52,7.73,1,-1,-1,0,0,0,0,,0,0.00%,,0,0,1,1,0,0,0,0,0,0,,0,,,,,,,
150,2009,2009-10-18,6,6,32,NWE,,TEN,W 59-0,*,29,34,85.29,380,6,0,152.8,2,6,11.18,14.71,0,0,,0,0,0,0,,0,0.00%,,0,0,0,,0,0,0,0,0,0,,0,,,,,,,
151,2009,2009-10-25,7,7,32,NWE,0,TAM,W 35-7,*,23,32,71.88,308,3,2,107.3,1,1,9.63,8.69,1,5,5,0,0,0,0,,0,0.00%,,0,0,0,,0,0,0,0,0,0,,0,,,,,,,
152,2009,2009-11-08,8,9,32,NWE,,MIA,W 27-17,*,25,37,67.57,332,1,1,93.5,2,9,8.97,8.3,1,5,5,0,0,0,0,,0,0.00%,,0,0,0,,0,0,0,0,0,0,,0,,,,,,,
153,2009,2009-11-15,9,10,32,NWE,0,IND,L 34-35,*,29,42,69.05,375,3,1,110.7,2,11,8.93,9.29,3,3,1,0,0,0,0,,0,0.00%,,0,0,1,0,0,0,0,0,0,0,,0,,,,,,,
154,2009,2009-11-22,10,11,32,NWE,,NYJ,W 31-14,*,28,41,68.29,310,1,0,98.6,2,11,7.56,8.05,4,9,2.25,0,0,0,0,,0,0.00%,,0,0,1,0,0,0,0,0,0,0,,0,,,,,,,
155,2009,2009-11-30,11,12,32,NWE,0,NOR,L 17-38,*,21,36,58.33,237,0,2,55,1,4,6.58,4.08,1,2,2,0,0,0,0,,0,0.00%,,0,0,0,,0,0,0,0,0,0,,0,,,,,,,
156,2009,2009-12-06,12,13,32,NWE,0,MIA,L 21-22,*,19,29,65.52,352,2,2,101.5,0,0,12.14,10.41,0,0,,0,0,0,0,,0,0.00%,,0,0,0,,0,0,0,0,0,0,,0,,,,,,,
157,2009,2009-12-13,13,14,32,NWE,,CAR,W 20-10,*,19,32,59.38,192,1,1,74,0,0,6,5.22,2,-2,-1,0,0,0,0,,0,0.00%,,0,0,0,,0,0,0,0,0,0,,0,,,,,,,
158,2009,2009-12-20,14,15,32,NWE,0,BUF,W 17-10,*,11,23,47.83,115,1,1,59.1,0,0,5,3.91,4,-3,-0.75,0,0,0,0,,0,0.00%,,0,0,0,,0,0,0,0,0,0,,0,,,,,,,
159,2009,2009-12-27,15,16,32,NWE,,JAX,W 35-7,*,23,26,88.46,267,4,0,149,0,0,10.27,13.35,2,4,2,0,0,0,0,,0,0.00%,,0,0,0,,0,0,0,0,0,0,,0,,,,,,,
160,2009,2010-01-03,16,17,32,NWE,0,HOU,L 27-34,*,17,26,65.38,186,0,1,70.4,1,4,7.15,5.42,0,0,,0,0,0,0,,0,0.00%,,0,0,0,,0,0,0,0,0,0,,0,,,,,,,
161,2010,2010-09-12,1,1,33,NWE,,CIN,W 38-24,*,25,35,71.43,258,3,0,120.9,0,0,7.37,9.09,0,0,,0,0,0,0,,0,0.00%,,0,0,0,,0,0,0,0,0,0,,0,,,,,,,
162,2010,2010-09-19,2,2,33,NWE,0,NYJ,L 14-28,*,20,36,55.56,248,2,2,72.5,1,9,6.89,5.5,0,0,,0,0,0,0,,0,0.00%,,0,0,1,1,0,0,0,0,0,0,,0,,,,,,,
163,2010,2010-09-26,3,3,33,NWE,,BUF,W 38-30,*,21,27,77.78,252,3,0,142.6,1,7,9.33,11.56,4,6,1.5,0,0,0,0,,0,0.00%,,0,0,0,,0,0,0,0,0,0,,0,,,,,,,
164,2010,2010-10-04,4,4,33,NWE,0,MIA,W 41-14,*,19,24,79.17,153,1,0,107.1,3,7,6.38,7.21,5,6,1.2,0,0,0,0,,0,0.00%,,0,0,0,,0,0,0,0,0,0,,0,,,,,,,
165,2010,2010-10-17,5,6,33,NWE,,BAL,W 23-20,*,27,44,61.36,292,1,2,69.5,3,25,6.64,5.05,2,1,0.5,0,0,0,0,,0,0.00%,,0,0,0,,0,0,0,0,0,0,,0,,,,,,,
166,2010,2010-10-24,6,7,33,NWE,0,SDG,W 23-20,*,19,32,59.38,159,1,0,82.7,4,31,4.97,5.59,2,1,0.5,0,0,0,0,,0,0.00%,,0,0,0,,0,0,0,0,0,0,,0,,,,,,,
167,2010,2010-10-31,7,8,33,NWE,,MIN,W 28-18,*,16,27,59.26,240,1,0,100.8,0,0,8.89,9.63,4,-3,-0.75,0,0,0,0,,0,0.00%,,0,0,0,,0,0,0,0,0,0,,0,,,,,,,
168,2010,2010-11-07,8,9,33,NWE,0,CLE,L 14-34,*,19,36,52.78,224,2,0,90.5,1,9,6.22,7.33,1,1,1,0,0,0,0,,0,0.00%,,0,0,0,,0,0,0,0,0,0,,0,,,,,,,
169,2010,2010-11-14,9,10,33,NWE,0,PIT,W 39-26,*,30,43,69.77,350,3,0,117.4,0,0,8.14,9.53,1,3,3,1,0,0,0,,0,0.00%,,1,6,0,,0,0,0,0,0,0,,0,,,,,,,
170,2010,2010-11-21,10,11,33,NWE,,IND,W 31-28,*,19,25,76,186,2,0,123.1,1,8,7.44,9.04,4,-2,-0.5,0,0,0,0,,0,0.00%,,0,0,1,0,0,0,-5,0,0,0,,0,,,,,,,
171,2010,2010-11-25,11,12,33,NWE,0,DET,W 45-24,*,21,27,77.78,341,4,0,158.3,1,3,12.63,15.59,4,1,0.25,0,0,0,0,,0,0.00%,,0,0,0,,0,0,0,0,0,0,,0,,,,,,,
172,2010,2010-12-06,12,13,33,NWE,,NYJ,W 45-3,*,21,29,72.41,326,4,0,148.9,3,22,11.24,14,1,3,3,0,0,0,0,,0,0.00%,,0,0,0,,0,0,0,0,0,0,,0,,,,,,,
173,2010,2010-12-12,13,14,33,NWE,0,CHI,W 36-7,*,27,40,67.5,369,2,0,113.4,3,18,9.23,10.23,0,0,,0,0,0,0,,0,0.00%,,0,0,0,,0,0,0,0,0,0,,0,,,,,,,
174,2010,2010-12-19,14,15,33,NWE,,GNB,W 31-27,*,15,24,62.5,163,2,0,110.2,3,27,6.79,8.46,0,0,,0,0,0,0,,0,0.00%,,0,0,1,0,0,1,0,0,0,0,,0,,,,,,,
175,2010,2010-12-26,15,16,33,NWE,0,BUF,W 34-3,*,15,27,55.56,140,3,0,107,1,9,5.19,7.41,3,13,4.33,0,0,0,0,,0,0.00%,,0,0,0,,0,0,0,0,0,0,,0,,,,,,,
176,2010,2011-01-02,16,17,33,NWE,,MIA,W 38-7,*,10,16,62.5,199,2,0,145.6,0,0,12.44,14.94,0,0,,0,0,0,0,,0,0.00%,,0,0,0,,0,0,0,0,0,0,,0,,,,,,,
177,2011,2011-09-12,1,1,34,NWE,0,MIA,W 38-24,*,32,48,66.67,517,4,1,121.6,1,1,10.77,11.5,1,3,3,0,0,0,0,,0,0.00%,,0,0,0,,0,0,0,0,0,0,,0,,,,,,,
178,2011,2011-09-18,2,2,34,NWE,,SDG,W 35-21,*,31,40,77.5,423,3,0,135.7,2,13,10.58,12.08,2,3,1.5,0,0,0,0,,0,0.00%,,0,0,0,,0,0,0,0,0,0,,0,,,,,,,
179,2011,2011-09-25,3,3,34,NWE,0,BUF,L 31-34,*,30,45,66.67,387,4,4,86.1,0,0,8.6,6.38,1,5,5,0,0,0,0,,0,0.00%,,0,0,0,,0,0,0,0,0,0,,0,,,,,,,
180,2011,2011-10-02,4,4,34,NWE,0,OAK,W 31-19,*,16,30,53.33,226,2,0,100.1,1,0,7.53,8.87,1,-1,-1,0,0,0,0,,0,0.00%,,0,0,0,,0,0,0,0,0,0,,0,,,,,,,
181,2011,2011-10-09,5,5,34,NWE,,NYJ,W 30-21,*,24,33,72.73,321,1,1,100.7,4,27,9.73,8.97,1,3,3,0,0,0,0,,0,0.00%,,0,0,0,,0,0,0,0,0,0,,0,,,,,,,
182,2011,2011-10-16,6,6,34,NWE,,DAL,W 20-16,*,27,41,65.85,289,2,2,82.3,3,19,7.05,5.83,4,17,4.25,0,0,0,0,,0,0.00%,,0,0,0,,0,0,0,0,0,0,,0,,,,,,,
183,2011,2011-10-30,7,8,34,NWE,0,PIT,L 17-25,*,24,35,68.57,198,2,0,101.8,3,28,5.66,6.8,0,0,,0,0,0,0,,0,0.00%,,0,0,1,0,0,0,0,0,0,0,,0,,,,,,,
184,2011,2011-11-06,8,9,34,NWE,,NYG,L 20-24,*,28,49,57.14,342,2,2,75.4,2,10,6.98,5.96,1,5,5,0,0,0,0,,0,0.00%,,0,0,1,1,0,0,0,0,0,0,,0,,,,,,,
185,2011,2011-11-13,9,10,34,NWE,0,NYJ,W 37-16,*,26,39,66.67,329,3,0,118.4,0,0,8.44,9.97,3,2,0.67,0,0,0,0,,0,0.00%,,0,0,1,0,0,1,-3,0,0,0,,0,,,,,,,
186,2011,2011-11-21,10,11,34,NWE,,KAN,W 34-3,*,15,27,55.56,234,2,0,109.2,3,11,8.67,10.15,2,10,5,0,0,0,0,,0,0.00%,,0,0,1,1,0,0,0,0,0,0,,0,,,,,,,
187,2011,2011-11-27,11,12,34,NWE,0,PHI,W 38-20,*,24,34,70.59,361,3,0,134.6,1,8,10.62,12.38,5,28,5.6,0,0,0,0,,0,0.00%,,0,0,0,,0,0,0,0,0,0,,0,,,,,,,
188,2011,2011-12-04,12,13,34,NWE,,IND,W 31-24,*,29,38,76.32,289,2,0,114.9,1,0,7.61,8.66,3,7,2.33,0,0,0,0,,0,0.00%,,0,0,0,,0,0,0,0,0,0,,0,,,,,,,
189,2011,2011-12-11,13,14,34,NWE,0,WAS,W 34-27,*,22,37,59.46,357,3,1,107.6,1,5,9.65,10.05,4,8,2,0,0,0,0,,0,0.00%,,0,0,0,,0,0,0,0,0,0,,0,,,,,,,
190,2011,2011-12-18,14,15,34,NWE,0,DEN,W 41-23,*,23,34,67.65,320,2,0,117.3,2,10,9.41,10.59,6,2,0.33,1,0,0,0,,0,0.00%,,1,6,1,0,0,1,-5,0,0,0,,0,,,,,,,
191,2011,2011-12-24,15,16,34,NWE,,MIA,W 27-24,*,27,46,58.7,304,1,0,85.8,4,23,6.61,7.04,9,17,1.89,2,0,0,0,,0,0.00%,,2,12,0,,0,0,0,0,0,0,,0,,,,,,,
192,2011,2012-01-01,16,17,34,NWE,,BUF,W 49-21,*,23,35,65.71,338,3,1,113.7,4,18,9.66,10.09,0,0,,0,0,0,0,,0,0.00%,,0,0,1,0,0,1,0,0,0,0,,0,,,,,,,
193,2012,2012-09-09,1,1,35,NWE,0,TEN,W 34-13,*,23,31,74.19,236,2,0,117.1,1,8,7.61,8.9,2,1,0.5,0,0,0,0,,0,0.00%,,0,0,0,0,0,0,0,0,0,0,,0,67,100%,0,0%,0,0%,
194,2012,2012-09-16,2,2,35,NWE,,ARI,L 18-20,*,28,46,60.87,316,1,1,79.6,4,19,6.87,6.33,1,-1,-1,0,0,0,0,,0,0.00%,,0,0,0,0,0,0,0,0,0,0,,0,80,100%,0,0%,0,0%,
195,2012,2012-09-23,3,3,35,NWE,0,BAL,L 30-31,*,28,41,68.29,335,1,0,101.2,2,16,8.17,8.66,2,7,3.5,0,0,0,0,,0,0.00%,,0,0,1,0,0,1,-3,0,0,0,,0,82,100%,0,0%,0,0%,
196,2012,2012-09-30,4,4,35,NWE,0,BUF,W 52-28,*,22,36,61.11,340,3,0,120.1,1,7,9.44,11.11,1,4,4,1,0,0,0,,0,0.00%,,1,6,0,0,0,0,0,0,0,0,,0,77,100%,0,0%,0,0%,
197,2012,2012-10-07,5,5,35,NWE,,DEN,W 31-21,*,23,31,74.19,223,1,0,104.6,4,30,7.19,7.84,4,-2,-0.5,1,0,0,0,,0,0.00%,,1,6,1,0,0,0,0,0,0,0,,0,95,100%,0,0%,0,0%,
198,2012,2012-10-14,6,6,35,NWE,0,SEA,L 23-24,*,36,58,62.07,395,2,2,79.3,1,7,6.81,5.95,0,0,,0,0,0,0,,0,0.00%,,0,0,0,0,0,0,0,0,0,0,,0,86,100%,0,0%,0,0%,
199,2012,2012-10-21,7,7,35,NWE,,NYJ,W 29-26,*,26,42,61.9,259,2,0,95.2,1,9,6.17,7.12,0,0,,0,0,0,0,,0,0.00%,,0,0,0,0,0,0,0,0,0,0,,0,79,100%,0,0%,0,0%,
200,2012,2012-10-28,8,8,35,NWE,0,STL,W 45-7,*,23,35,65.71,304,4,0,131.1,0,0,8.69,10.97,1,3,3,0,0,0,0,,0,0.00%,,0,0,0,0,0,0,0,0,0,0,,0,61,86%,0,0%,0,0%,
201,2012,2012-11-11,9,10,35,NWE,,BUF,W 37-31,*,23,38,60.53,237,2,0,96.1,1,7,6.24,7.29,1,-1,-1,0,0,0,0,,0,0.00%,,0,0,0,0,0,0,0,0,0,0,,0,72,100%,0,0%,0,0%,
202,2012,2012-11-18,10,11,35,NWE,,IND,W 59-24,*,24,35,68.57,331,3,0,127.2,0,0,9.46,11.17,0,0,,0,0,0,0,,0,0.00%,,0,0,0,0,0,0,0,0,0,0,,0,58,95%,0,0%,0,0%,
203,2012,2012-11-22,11,12,35,NWE,0,NYJ,W 49-19,*,18,27,66.67,323,3,0,144.5,0,0,11.96,14.19,3,5,1.67,1,0,0,0,,0,0.00%,,1,6,0,0,0,0,0,0,0,0,,0,65,96%,0,0%,0,0%,
204,2012,2012-12-02,12,13,35,NWE,0,MIA,W 23-16,*,24,40,60,238,1,1,74.8,4,25,5.95,5.33,4,-1,-0.25,0,0,0,0,,0,0.00%,,0,0,0,0,0,0,0,0,0,0,,0,81,100%,0,0%,0,0%,
205,2012,2012-12-10,13,14,35,NWE,,HOU,W 42-14,*,21,35,60,296,4,0,125.4,1,7,8.46,10.74,1,6,6,0,0,0,0,,0,0.00%,,0,0,0,0,0,0,0,0,0,0,,0,68,89%,0,0%,0,0%,
206,2012,2012-12-16,14,15,35,NWE,,SFO,L 34-41,*,36,65,55.38,443,1,2,68.9,3,18,6.82,5.74,3,11,3.67,1,0,0,0,,0,0.00%,,1,6,0,0,0,0,0,0,0,0,,0,94,100%,0,0%,0,0%,
207,2012,2012-12-23,15,16,35,NWE,0,JAX,W 23-16,*,24,41,58.54,267,2,2,73.9,3,21,6.51,5.29,0,0,,0,0,0,0,,0,0.00%,,0,0,0,0,0,0,0,0,0,0,,0,73,100%,0,0%,0,0%,
208,2012,2012-12-30,16,17,35,NWE,,MIA,W 28-0,*,22,36,61.11,284,2,0,104.4,1,8,7.89,9,0,0,,0,0,0,0,,0,0.00%,,0,0,0,0,0,0,0,0,0,0,,0,77,100%,0,0%,0,0%,
209,2013,2013-09-08,1,1,36,NWE,0,BUF,W 23-21,*,29,52,55.77,288,2,1,76.4,3,15,5.54,5.44,4,-4,-1,0,0,0,0,,0,0.00%,,0,0,1,1,0,0,0,0,0,0,,0,91,100%,0,0%,0,0%,
210,2013,2013-09-12,2,2,36,NWE,,NYJ,W 13-10,*,19,39,48.72,185,1,0,71,1,7,4.74,5.26,2,-2,-1,0,0,0,0,,0,0.00%,,0,0,0,0,0,0,0,0,0,0,,0,65,100%,0,0%,0,0%,
211,2013,2013-09-22,3,3,36,NWE,,TAM,W 23-3,*,25,36,69.44,225,2,1,92.9,3,23,6.25,6.11,5,5,1,0,0,0,0,,0,0.00%,,0,0,0,0,0,0,0,0,0,0,,0,74,100%,0,0%,0,0%,
212,2013,2013-09-29,4,4,36,NWE,0,ATL,W 30-23,*,20,31,64.52,316,2,0,119.8,0,0,10.19,11.48,5,-2,-0.4,0,0,0,0,,0,0.00%,,0,0,1,0,0,1,-1,0,0,0,,0,66,100%,0,0%,0,0%,
213,2013,2013-10-06,5,5,36,NWE,0,CIN,L 6-13,*,18,38,47.37,197,0,1,52.2,4,31,5.18,4,0,0,,0,0,0,0,,0,0.00%,,0,0,1,0,0,1,0,0,0,0,,0,63,100%,0,0%,0,0%,
214,2013,2013-10-13,6,6,36,NWE,,NOR,W 30-27,*,25,43,58.14,269,1,1,74.7,5,34,6.26,5.67,2,16,8,0,0,0,0,,0,0.00%,,0,0,0,0,0,0,0,0,0,0,,0,87,100%,0,0%,0,0%,
215,2013,2013-10-20,7,7,36,NWE,0,NYJ,L 27-30,*,22,46,47.83,228,0,1,53.5,4,23,4.96,3.98,0,0,,0,0,0,0,,0,0.00%,,0,0,2,0,0,1,0,0,0,0,,0,75,100%,0,0%,0,0%,
216,2013,2013-10-27,8,8,36,NWE,,MIA,W 27-17,*,13,22,59.09,116,1,1,69.5,3,16,5.27,4.14,4,5,1.25,0,0,0,0,,0,0.00%,,0,0,0,0,0,0,0,0,0,0,,0,66,100%,0,0%,0,0%,
217,2013,2013-11-03,9,9,36,NWE,,PIT,W 55-31,*,23,33,69.7,432,4,0,151.8,3,19,13.09,15.52,1,-1,-1,0,0,0,0,,0,0.00%,,0,0,0,0,0,0,0,0,0,0,,0,76,100%,0,0%,0,0%,
218,2013,2013-11-18,10,11,36,NWE,0,CAR,L 20-24,*,29,40,72.5,296,1,1,91.2,2,13,7.4,6.78,1,3,3,0,0,0,0,,0,0.00%,,0,0,0,0,0,0,0,0,0,0,,0,72,100%,0,0%,0,0%,
219,2013,2013-11-24,11,12,36,NWE,,DEN,W 34-31,*,34,50,68,344,3,0,107.4,3,20,6.88,8.08,2,0,0,0,0,0,0,,0,0.00%,,0,0,2,1,0,1,0,0,0,0,,0,87,100%,0,0%,0,0%,
220,2013,2013-12-01,12,13,36,NWE,0,HOU,W 34-31,*,29,41,70.73,371,2,1,104.8,1,6,9.05,8.93,0,0,,0,0,0,0,,0,0.00%,,0,0,0,0,0,0,0,0,0,0,,0,70,100%,0,0%,0,0%,
221,2013,2013-12-08,13,14,36,NWE,,CLE,W 27-26,*,32,52,61.54,418,2,1,91.7,4,21,8.04,7.94,2,1,0.5,0,0,0,0,,0,0.00%,,0,0,1,1,0,0,0,0,0,0,,0,83,100%,0,0%,0,0%,
222,2013,2013-12-15,14,15,36,NWE,0,MIA,L 20-24,*,34,55,61.82,364,2,1,85.7,1,7,6.62,6.53,0,0,,0,0,0,0,,0,0.00%,,0,0,0,0,0,0,0,0,0,0,,0,80,100%,0,0%,0,0%,
223,2013,2013-12-22,15,16,36,NWE,0,BAL,W 41-7,*,14,26,53.85,172,1,0,87.3,2,14,6.62,7.38,0,0,,0,0,0,0,,0,0.00%,,0,0,0,0,0,0,0,0,0,0,,0,67,100%,0,0%,0,0%,
224,2013,2013-12-29,16,17,36,NWE,,BUF,W 34-20,*,14,24,58.33,122,1,1,68.4,1,7,5.08,4.04,4,-3,-0.75,0,0,0,0,,0,0.00%,,0,0,1,0,0,1,-9,0,1,32,32,0,75,100%,0,0%,0,0%,
225,2014,2014-09-07,1,1,37,NWE,0,MIA,L 20-33,*,29,56,51.79,249,1,0,69.7,4,23,4.45,4.8,1,3,3,0,0,0,0,,0,0.00%,,0,0,2,2,0,0,0,0,0,0,,0,86,100%,0,0%,0,0%,
226,2014,2014-09-14,2,2,37,NWE,0,MIN,W 30-7,*,14,21,66.67,149,1,0,103.1,1,7,7.1,8.05,1,0,0,0,0,0,0,,0,0.00%,,0,0,0,0,0,0,0,0,0,0,,0,65,100%,0,0%,0,0%,
227,2014,2014-09-21,3,3,37,NWE,,OAK,W 16-9,*,24,37,64.86,234,1,0,91.5,2,13,6.32,6.86,3,-7,-2.33,0,0,0,0,,0,0.00%,,0,0,1,0,0,1,0,0,0,0,,0,75,100%,0,0%,0,0%,
228,2014,2014-09-29,4,4,37,NWE,0,KAN,L 14-41,*,14,23,60.87,159,1,2,59.9,2,8,6.91,3.87,0,0,,0,0,0,0,,0,0.00%,,0,0,2,1,0,0,0,0,0,0,,0,38,76%,0,0%,0,0%,
229,2014,2014-10-05,5,5,37,NWE,,CIN,W 43-17,*,23,35,65.71,292,2,0,110.7,1,7,8.34,9.49,4,13,3.25,0,0,0,0,,0,0.00%,,0,0,0,0,0,0,0,0,0,0,,0,83,97%,0,0%,0,0%,
230,2014,2014-10-12,6,6,37,NWE,0,BUF,W 37-22,*,27,37,72.97,361,4,0,139.6,2,15,9.76,11.92,4,3,0.75,0,0,0,0,,0,0.00%,,0,0,0,0,0,0,0,0,0,0,,0,71,100%,0,0%,0,0%,
231,2014,2014-10-16,7,7,37,NWE,,NYJ,W 27-25,*,20,37,54.05,261,3,0,103.5,1,1,7.05,8.68,0,0,,0,0,0,0,,0,0.00%,,0,0,0,0,0,0,0,0,0,0,,0,57,100%,0,0%,0,0%,
232,2014,2014-10-26,8,8,37,NWE,,CHI,W 51-23,*,30,35,85.71,354,5,0,148.4,0,0,10.11,12.97,2,0,0,0,0,0,0,,0,0.00%,,0,0,1,0,0,0,-4,0,0,0,,0,67,91%,0,0%,0,0%,
233,2014,2014-11-02,9,9,37,NWE,,DEN,W 43-21,*,33,53,62.26,333,4,1,97.4,1,1,6.28,6.94,2,4,2,0,0,0,0,,0,0.00%,,0,0,0,0,0,0,0,0,0,0,,0,84,100%,0,0%,0,0%,
234,2014,2014-11-16,10,11,37,NWE,0,IND,W 42-20,*,19,30,63.33,257,2,2,85,0,0,8.57,6.9,2,-2,-1,0,0,0,0,,0,0.00%,,0,0,0,0,0,0,0,0,0,0,,0,70,91%,0,0%,0,0%,
235,2014,2014-11-23,11,12,37,NWE,,DET,W 34-9,*,38,53,71.7,349,2,1,94,0,0,6.58,6.49,0,0,,0,0,0,0,,0,0.00%,,0,0,0,0,0,0,0,0,0,0,,0,78,100%,0,0%,0,0%,
236,2014,2014-11-30,12,13,37,NWE,0,GNB,L 21-26,*,22,35,62.86,245,2,0,102.7,1,9,7,8.14,1,-1,-1,0,0,0,0,,0,0.00%,,0,0,0,0,0,0,0,0,0,0,,0,56,100%,0,0%,0,0%,
237,2014,2014-12-07,13,14,37,NWE,0,SDG,W 23-14,*,28,44,63.64,317,2,1,90.8,1,7,7.2,7.09,4,7,1.75,0,0,0,0,,0,0.00%,,0,0,0,0,0,0,0,0,0,0,,0,77,100%,0,0%,0,0%,
238,2014,2014-12-14,14,15,37,NWE,,MIA,W 41-13,*,21,35,60,287,2,1,93.4,0,0,8.2,8.06,3,18,6,0,0,0,0,,0,0.00%,,0,0,0,0,0,0,0,0,0,0,,0,60,92%,0,0%,0,0%,
239,2014,2014-12-21,15,16,37,NWE,0,NYJ,W 17-16,*,23,35,65.71,182,1,1,76.1,4,36,5.2,4.49,7,10,1.43,0,0,0,0,,0,0.00%,,0,0,0,0,0,0,0,0,0,0,,0,64,100%,0,0%,0,0%,
240,2014,2014-12-28,16,17,37,NWE,,BUF,L 9-17,*,8,16,50,80,0,0,64.6,1,7,5,5,2,9,4.5,0,0,0,0,,0,0.00%,,0,0,0,0,0,0,0,0,0,0,,0,32,48%,0,0%,0,0%,
241,2015,2015-09-10,1,1,38,NWE,,PIT,W 28-21,*,25,32,78.13,288,4,0,143.7,2,7,9,11.5,3,1,0.33,0,0,0,0,,0,0.00%,,0,0,0,0,0,0,0,0,0,0,,0,61,100%,0,0%,0,0%,
242,2015,2015-09-20,2,2,38,NWE,0,BUF,W 40-32,*,38,59,64.41,466,3,0,105.6,2,15,7.9,8.92,3,-4,-1.33,0,0,0,0,,0,0.00%,,0,0,1,1,0,0,0,0,0,0,,0,86,100%,0,0%,0,0%,
243,2015,2015-09-27,3,3,38,NWE,,JAX,W 51-17,*,33,42,78.57,358,2,0,118.1,2,12,8.52,9.48,2,4,2,0,0,0,0,,0,0.00%,,0,0,0,0,0,0,0,0,0,0,,0,78,98%,0,0%,0,0%,
244,2015,2015-10-11,4,5,38,NWE,0,DAL,W 30-6,*,20,27,74.07,275,2,0,130.9,5,28,10.19,11.67,2,3,1.5,1,0,0,0,,0,0.00%,,1,6,1,0,0,0,0,0,0,0,,0,57,97%,0,0%,0,0%,
245,2015,2015-10-18,5,6,38,NWE,0,IND,W 34-27,*,23,37,62.16,312,3,1,104.8,2,11,8.43,8.84,4,0,0,0,0,0,0,,0,0.00%,,0,0,0,0,0,0,0,0,0,0,,0,68,100%,0,0%,0,0%,
246,2015,2015-10-25,6,7,38,NWE,,NYJ,W 30-23,*,34,54,62.96,355,2,0,94.3,3,18,6.57,7.31,4,15,3.75,1,0,0,0,,0,0.00%,,1,6,1,0,0,1,0,0,0,0,,0,67,100%,0,0%,0,0%,
247,2015,2015-10-29,7,8,38,NWE,,MIA,W 36-7,*,26,38,68.42,356,4,0,133.2,2,14,9.37,11.47,1,1,1,0,0,0,0,,0,0.00%,,0,0,0,0,0,0,0,0,0,0,,0,68,94%,0,0%,0,0%,
248,2015,2015-11-08,8,9,38,NWE,,WAS,W 27-10,*,26,39,66.67,299,2,1,96,0,0,7.67,7.54,1,-1,-1,0,0,0,0,,0,0.00%,,0,0,0,0,0,0,0,0,0,0,,0,79,99%,0,0%,0,0%,
249,2015,2015-11-15,9,10,38,NWE,0,NYG,W 27-26,*,26,42,61.9,334,2,1,92.8,3,5,7.95,7.83,2,9,4.5,0,0,0,0,,0,0.00%,,0,0,2,1,0,0,0,0,0,0,,0,72,100%,0,0%,0,0%,
250,2015,2015-11-23,10,11,38,NWE,,BUF,W 20-13,*,20,39,51.28,277,1,1,72.3,1,6,7.1,6.46,0,0,,0,0,0,0,,0,0.00%,,0,0,0,0,0,0,0,0,0,0,,0,67,100%,0,0%,0,0%,
251,2015,2015-11-29,11,12,38,NWE,0,DEN,L 24-30,*,23,42,54.76,280,3,0,99.3,3,18,6.67,8.1,0,0,,0,0,0,0,,0,0.00%,,0,0,0,0,0,0,0,0,0,0,,0,66,100%,0,0%,0,0%,
252,2015,2015-12-06,12,13,38,NWE,,PHI,L 28-35,*,29,56,51.79,312,3,2,71.4,4,24,5.57,5.04,6,17,2.83,1,1,1,36,36,0,100.00%,36,1,6,0,0,0,0,0,0,0,0,,0,89,100%,0,0%,0,0%,
253,2015,2015-12-13,13,14,38,NWE,0,HOU,W 27-6,*,22,30,73.33,226,2,0,116.8,3,29,7.53,8.87,4,10,2.5,0,0,0,0,,0,0.00%,,0,0,0,0,0,0,0,0,0,0,,0,67,100%,0,0%,0,0%,
254,2015,2015-12-20,14,15,38,NWE,,TEN,W 33-16,*,23,35,65.71,267,2,0,107.7,2,14,7.63,8.77,0,0,,0,0,0,0,,0,0.00%,,0,0,0,0,0,0,0,0,0,0,,0,66,100%,0,0%,0,0%,
255,2015,2015-12-27,15,16,38,NWE,0,NYJ,L 20-26,*,22,31,70.97,231,1,1,89.6,2,10,7.45,6.65,1,-1,-1,0,0,0,0,,0,0.00%,,0,0,0,0,0,0,0,0,0,0,,0,56,100%,0,0%,0,0%,
256,2015,2016-01-03,16,17,38,NWE,0,MIA,L 10-20,*,12,21,57.14,134,0,0,76.3,2,14,6.38,6.38,1,-1,-1,0,0,0,0,,0,0.00%,,0,0,1,0,0,1,0,0,0,0,,0,56,93%,0,0%,0,0%,
257,2016,2016-09-11,1,1,38,NWE,0,ARI,W 23-21,Suspended,,,,,,,,,,,,,,,,,,,,,,,,,,,,,,,,,,,,,,,,,
258,2016,2016-09-18,2,2,38,NWE,,MIA,W 31-24,Suspended,,,,,,,,,,,,,,,,,,,,,,,,,,,,,,,,,,,,,,,,,
259,2016,2016-09-22,3,3,38,NWE,,HOU,W 27-0,Suspended,,,,,,,,,,,,,,,,,,,,,,,,,,,,,,,,,,,,,,,,,
260,2016,2016-10-02,4,4,38,NWE,,BUF,L 0-16,Suspended,,,,,,,,,,,,,,,,,,,,,,,,,,,,,,,,,,,,,,,,,
261,2016,2016-10-09,5,5,39,NWE,0,CLE,W 33-13,*,28,40,70,406,3,0,127.7,1,3,10.15,11.65,2,14,7,0,0,0,0,,0,0.00%,,0,0,0,0,0,0,0,0,0,0,,0,71,89%,0,0%,0,0%,
262,2016,2016-10-16,6,6,39,NWE,,CIN,W 35-17,*,29,35,82.86,376,3,0,140,3,18,10.74,12.46,2,2,1,0,0,0,0,,0,0.00%,,0,0,0,0,0,0,0,0,0,0,,0,64,100%,0,0%,0,0%,
263,2016,2016-10-23,7,7,39,NWE,0,PIT,W 27-16,*,19,26,73.08,222,2,0,124.2,0,0,8.54,10.08,5,13,2.6,0,0,0,0,,0,0.00%,,0,0,0,0,0,0,0,0,0,0,,0,57,100%,0,0%,0,0%,
264,2016,2016-10-30,8,8,39,NWE,0,BUF,W 41-25,*,22,33,66.67,315,4,0,137,4,22,9.55,11.97,1,15,15,0,0,0,0,,0,0.00%,,0,0,0,0,0,0,0,0,0,0,,0,64,94%,0,0%,0,0%,
265,2016,2016-11-13,9,10,39,NWE,,SEA,L 24-31,*,23,32,71.88,316,0,1,90.1,2,12,9.88,8.47,5,7,1.4,0,0,0,0,,0,0.00%,,0,0,1,0,0,1,-1,0,0,0,,0,66,100%,0,0%,0,0%,
266,2016,2016-11-20,10,11,39,NWE,0,SFO,W 30-17,*,24,40,60,280,4,0,114.6,1,7,7,9,4,12,3,0,0,0,0,,0,0.00%,,0,0,0,0,0,0,0,0,0,0,,0,77,100%,0,0%,0,0%,
267,2016,2016-11-27,11,12,39,NWE,0,NYJ,W 22-17,*,30,50,60,286,2,0,89.2,0,0,5.72,6.52,3,-4,-1.33,0,0,0,0,,0,0.00%,,0,0,1,0,0,1,0,0,0,0,,0,73,100%,0,0%,0,0%,
268,2016,2016-12-04,12,13,39,NWE,,LAR,W 26-10,*,33,46,71.74,269,1,0,93.5,0,0,5.85,6.28,3,1,0.33,0,0,0,0,,0,0.00%,,0,0,0,0,0,0,0,0,0,0,,0,79,100%,0,0%,0,0%,
269,2016,2016-12-12,13,14,39,NWE,,BAL,W 30-23,*,25,38,65.79,406,3,1,116.8,1,5,10.68,11.08,1,-1,-1,0,0,0,0,,0,0.00%,,0,0,0,0,0,0,0,0,0,0,,0,69,100%,0,0%,0,0%,
270,2016,2016-12-18,14,15,39,NWE,0,DEN,W 16-3,*,16,32,50,188,0,0,68.2,2,11,5.88,5.88,1,-1,-1,0,0,0,0,,0,0.00%,,0,0,2,0,0,1,0,0,0,0,,0,75,100%,0,0%,0,0%,
271,2016,2016-12-24,15,16,39,NWE,,NYJ,W 41-3,*,17,27,62.96,214,3,0,124.6,1,9,7.93,10.15,0,0,,0,0,0,0,,0,0.00%,,0,0,1,0,0,1,0,0,0,0,,0,59,80%,0,0%,0,0%,
272,2016,2017-01-01,16,17,39,NWE,0,MIA,W 35-14,*,25,33,75.76,276,3,0,130.4,0,0,8.36,10.18,1,6,6,0,0,0,0,,0,0.00%,,0,0,0,0,0,0,0,0,0,0,,0,64,96%,0,0%,0,0%,
273,2017,2017-09-07,1,1,40,NWE,,KAN,L 27-42,*,16,36,44.44,267,0,0,70,3,20,7.42,7.42,2,0,0,0,0,0,0,,0,0.00%,,0,0,0,0,0,0,0,0,0,0,,0,81,100%,0,0%,0,0%,
274,2017,2017-09-17,2,2,40,NWE,0,NOR,W 36-20,*,30,39,76.92,447,3,0,139.6,2,11,11.46,13,2,9,4.5,0,0,0,0,,0,0.00%,,0,0,0,0,0,0,0,0,0,0,,0,76,100%,0,0%,0,0%,
275,2017,2017-09-24,3,3,40,NWE,,HOU,W 36-33,*,25,35,71.43,378,5,0,146.2,5,41,10.8,13.66,1,6,6,0,0,0,0,,0,0.00%,,0,0,3,1,0,0,0,0,0,0,,0,64,100%,0,0%,0,0%,
276,2017,2017-10-01,4,4,40,NWE,,CAR,L 30-33,*,32,45,71.11,307,2,0,104.6,3,14,6.82,7.71,1,2,2,0,0,0,0,,0,0.00%,,0,0,0,0,0,0,0,0,0,0,,0,70,100%,0,0%,0,0%,
277,2017,2017-10-05,5,5,40,NWE,0,TAM,W 19-14,*,30,40,75,303,1,1,94.1,3,14,7.58,6.95,2,5,2.5,0,0,0,0,,0,0.00%,,0,0,1,1,0,0,0,0,0,0,,0,74,100%,0,0%,0,0%,
278,2017,2017-10-15,6,6,40,NWE,0,NYJ,W 24-17,*,20,38,52.63,257,2,1,80.7,0,0,6.76,6.63,1,-1,-1,0,0,0,0,,0,0.00%,,0,0,0,0,0,0,0,0,0,0,,0,68,100%,0,0%,0,0%,
279,2017,2017-10-22,7,7,40,NWE,,ATL,W 23-7,*,21,29,72.41,249,2,0,121.2,2,8,8.59,9.97,5,5,1,0,0,0,0,,0,0.00%,,0,0,1,0,0,1,0,0,0,0,,0,74,100%,0,0%,0,0%,
280,2017,2017-10-29,8,8,40,NWE,,LAC,W 21-13,*,32,47,68.09,333,1,0,95.4,3,16,7.09,7.51,1,2,2,0,0,0,0,,0,0.00%,,0,0,0,0,0,0,0,0,0,0,,0,86,100%,0,0%,0,0%,
281,2017,2017-11-12,9,10,40,NWE,0,DEN,W 41-16,*,25,34,73.53,266,3,0,125.4,1,6,7.82,9.59,1,0,0,0,0,0,0,,0,0.00%,,0,0,0,0,0,0,0,0,0,0,,0,61,87%,0,0%,0,0%,
282,2017,2017-11-19,10,11,40,NWE,0,OAK,W 33-8,*,30,37,81.08,340,3,0,132,1,8,9.19,10.81,0,0,,0,0,0,0,,0,0.00%,,0,0,0,0,0,0,0,0,0,0,,0,57,95%,0,0%,0,0%,
283,2017,2017-11-26,11,12,40,NWE,,MIA,W 35-17,*,18,28,64.29,227,4,1,114.1,1,6,8.11,9.36,5,-4,-0.8,0,0,0,0,,0,0.00%,,0,0,2,1,0,1,-24,0,0,0,,0,70,100%,0,0%,0,0%,
284,2017,2017-12-03,12,13,40,NWE,0,BUF,W 23-3,*,21,30,70,258,0,1,82.4,3,14,8.6,7.1,0,0,,0,0,0,0,,0,0.00%,,0,0,0,0,0,0,0,0,0,0,,0,68,97%,0,0%,0,0%,
285,2017,2017-12-11,13,14,40,NWE,0,MIA,L 20-27,*,24,43,55.81,233,1,2,59.5,2,10,5.42,3.79,0,0,,0,0,0,0,,0,0.00%,,0,0,0,0,0,0,0,0,0,0,,0,61,100%,0,0%,0,0%,
286,2017,2017-12-17,14,15,40,NWE,0,PIT,W 27-24,*,22,35,62.86,298,1,1,87.6,2,15,8.51,7.8,2,-2,-1,0,0,0,0,,0,0.00%,,0,0,0,0,0,0,0,0,0,0,,0,59,100%,0,0%,0,0%,
287,2017,2017-12-24,15,16,40,NWE,,BUF,W 37-16,*,21,28,75,224,2,1,106.8,2,6,8,7.82,2,6,3,0,0,0,0,,0,0.00%,,0,0,0,0,0,0,0,0,0,0,,0,67,94%,0,0%,0,0%,
288,2017,2017-12-31,16,17,40,NWE,,NYJ,W 26-6,*,18,37,48.65,190,2,0,82,2,12,5.14,6.22,0,0,,0,0,0,0,,0,0.00%,,0,0,0,0,0,0,0,0,0,0,,0,80,94%,0,0%,0,0%,
289,2018,2018-09-09,1,1,41,NWE,,HOU,W 27-20,*,26,39,66.67,277,3,1,102.2,2,10,7.1,7.49,1,2,2,0,0,0,0,,0,0.00%,,0,0,0,0,0,0,0,0,0,0,,0,75,100%,0,0%,0,0%,
290,2018,2018-09-16,2,2,41,NWE,0,JAX,L 20-31,*,24,35,68.57,234,2,0,106.1,2,14,6.69,7.83,3,10,3.33,0,0,0,0,,0,0.00%,,0,0,1,1,0,0,0,0,0,0,,0,61,100%,0,0%,0,0%,
291,2018,2018-09-23,3,3,41,NWE,0,DET,L 10-26,*,14,26,53.85,133,1,1,65.1,2,13,5.12,4.15,1,2,2,0,0,0,0,,0,0.00%,,0,0,0,0,0,0,0,0,0,0,,0,48,100%,0,0%,0,0%,
292,2018,2018-09-30,4,4,41,NWE,,MIA,W 38-7,*,23,35,65.71,274,3,2,94.2,0,0,7.83,6.97,0,0,,0,0,0,0,,0,0.00%,,0,0,0,0,0,0,0,0,0,0,,0,77,95%,0,0%,0,0%,
293,2018,2018-10-04,5,5,41,NWE,,IND,W 38-24,*,34,44,77.27,341,3,2,102.6,0,0,7.75,7.07,3,-1,-0.33,1,0,0,0,,0,0.00%,,1,6,0,0,0,0,0,0,0,0,,0,69,100%,0,0%,0,0%,
294,2018,2018-10-14,6,6,41,NWE,,KAN,W 43-40,*,24,35,68.57,340,1,0,109.2,2,13,9.71,10.29,3,2,0.67,1,0,0,0,,0,0.00%,,1,6,2,1,0,0,0,0,0,0,,0,78,100%,0,0%,0,0%,
295,2018,2018-10-21,7,7,41,NWE,0,CHI,W 38-31,*,25,36,69.44,277,3,1,108.2,1,4,7.69,8.11,1,6,6,0,0,0,0,,0,0.00%,,0,0,0,0,0,0,0,0,0,0,,0,64,100%,0,0%,0,0%,
296,2018,2018-10-29,8,8,41,NWE,0,BUF,W 25-6,*,29,45,64.44,324,0,0,85.8,2,13,7.2,7.2,1,8,8,0,0,0,0,,0,0.00%,,0,0,1,0,0,0,0,0,0,0,,0,74,97%,0,0%,0,0%,
297,2018,2018-11-04,9,9,41,NWE,,GNB,W 31-17,*,22,35,62.86,294,1,0,99,2,21,8.4,8.97,5,-1,-0.2,0,0,0,0,,0,0.00%,,0,0,0,0,0,0,0,0,0,0,,0,71,100%,0,0%,0,0%,
298,2018,2018-11-11,10,10,41,NWE,0,TEN,L 10-34,*,21,41,51.22,254,0,0,70.6,3,23,6.2,6.2,1,0,0,0,1,1,6,6,0,100.00%,6,0,0,0,0,0,0,0,0,0,0,,0,58,88%,0,0%,0,0%,
299,2018,2018-11-25,11,12,41,NWE,0,NYJ,W 27-13,*,20,31,64.52,283,2,0,115.4,0,0,9.13,10.42,1,-1,-1,0,0,0,0,,0,0.00%,,0,0,0,0,0,0,0,0,0,0,,0,70,100%,0,0%,0,0%,
300,2018,2018-12-02,12,13,41,NWE,,MIN,W 24-10,*,24,32,75,311,1,1,102.5,0,0,9.72,8.94,2,5,2.5,0,0,0,0,,0,0.00%,,0,0,0,0,0,0,0,0,0,0,,0,74,100%,0,0%,0,0%,
301,2018,2018-12-09,13,14,41,NWE,0,MIA,L 33-34,*,27,43,62.79,358,3,0,112.4,2,14,8.33,9.72,1,3,3,0,0,0,0,,0,0.00%,,0,0,0,0,0,0,0,0,0,0,,0,81,100%,0,0%,0,0%,
302,2018,2018-12-16,14,15,41,NWE,0,PIT,L 10-17,*,25,36,69.44,279,1,1,89.9,1,7,7.75,7.06,0,0,,0,0,0,0,,0,0.00%,,0,0,0,0,0,0,0,0,0,0,,0,62,100%,0,0%,0,0%,
303,2018,2018-12-23,15,16,41,NWE,,BUF,W 24-12,*,13,24,54.17,126,1,2,48.3,1,9,5.25,2.33,0,0,,0,0,0,0,,0,0.00%,,0,0,0,0,0,0,0,0,0,0,,0,66,88%,0,0%,0,0%,
304,2018,2018-12-30,16,17,41,NWE,,NYJ,W 38-3,*,24,33,72.73,250,4,0,133.8,1,6,7.58,10,0,0,,0,0,0,0,,0,0.00%,,0,0,0,0,0,0,0,0,0,0,,0,64,94%,0,0%,0,0%,
305,2019,2019-09-08,1,1,42,NWE,,PIT,W 33-3,*,24,36,66.67,341,3,0,124.9,1,7,9.47,11.14,0,0,,0,0,0,0,,0,0.00%,,0,0,0,0,0,0,0,0,0,0,,0,70,100%,0,0%,0,0%,
306,2019,2019-09-15,2,2,42,NWE,0,MIA,W 43-0,*,20,28,71.43,264,2,0,124.7,2,9,9.43,10.86,2,1,0.5,1,0,0,0,,0,0.00%,,1,6,0,0,0,0,0,0,0,0,,0,71,100%,0,0%,0,0%,
307,2019,2019-09-22,3,3,42,NWE,,NYJ,W 30-14,*,28,42,66.67,306,2,0,103.9,0,0,7.29,8.24,2,-1,-0.5,0,0,0,0,,0,0.00%,,0,0,0,0,0,0,0,0,0,0,,0,72,95%,0,0%,0,0%,
308,2019,2019-09-29,4,4,42,NWE,0,BUF,W 16-10,*,18,39,46.15,150,0,1,45.9,0,0,3.85,2.69,3,-3,-1,0,0,0,0,,0,0.00%,,0,0,0,0,0,0,0,0,0,0,,0,63,100%,0,0%,0,0%,
309,2019,2019-10-06,5,5,42,NWE,0,WAS,W 33-7,*,28,42,66.67,348,3,1,106.1,4,36,8.29,8.64,0,0,,0,0,0,0,,0,0.00%,,0,0,0,0,0,0,0,0,0,0,,0,71,92%,0,0%,0,0%,
310,2019,2019-10-10,6,6,42,NWE,,NYG,W 35-14,*,31,41,75.61,334,0,1,88.9,3,21,8.15,7.05,7,6,0.86,2,0,0,0,,0,0.00%,,2,12,2,1,0,1,0,0,0,0,,0,81,100%,0,0%,0,0%,
311,2019,2019-10-21,7,7,42,NWE,0,NYJ,W 33-0,*,31,45,68.89,249,1,1,80.7,0,0,5.53,4.98,0,0,,0,0,0,0,,0,0.00%,,0,0,0,0,0,0,0,0,0,0,,0,77,94%,0,0%,0,0%,
312,2019,2019-10-27,8,8,42,NWE,,CLE,W 27-13,*,20,36,55.56,259,2,0,96.9,3,20,7.19,8.31,0,0,,0,0,0,0,,0,0.00%,,0,0,0,0,0,0,0,0,0,0,,0,69,99%,0,0%,0,0%,
313,2019,2019-11-03,9,9,42,NWE,0,BAL,L 20-37,*,30,46,65.22,285,1,1,80.4,2,17,6.2,5.65,0,0,,0,0,0,0,,0,0.00%,,0,0,1,0,0,1,0,0,0,0,,0,67,100%,0,0%,0,0%,
314,2019,2019-11-17,10,11,42,NWE,0,PHI,W 17-10,*,26,47,55.32,216,0,0,67.3,1,7,4.6,4.6,1,-1,-1,0,0,0,0,,0,0.00%,,0,0,0,0,0,0,0,0,0,0,,0,74,100%,0,0%,0,0%,
315,2019,2019-11-24,11,12,42,NWE,,DAL,W 13-9,*,17,37,45.95,190,1,0,70.8,2,9,5.14,5.68,2,-3,-1.5,0,0,0,0,,0,0.00%,,0,0,1,0,0,1,0,0,0,0,,0,68,100%,0,0%,0,0%,
316,2019,2019-12-01,12,13,42,NWE,0,HOU,L 22-28,*,24,47,51.06,326,3,1,85.9,3,23,6.94,7.26,1,13,13,0,0,0,0,,0,0.00%,,0,0,0,0,0,0,0,0,0,0,,0,87,100%,0,0%,0,0%,
317,2019,2019-12-08,13,14,42,NWE,,KAN,L 16-23,*,19,36,52.78,169,1,1,63.3,3,20,4.69,4,2,20,10,0,0,0,0,,0,0.00%,,0,0,0,0,0,0,0,0,0,0,,0,66,100%,0,0%,0,0%,
318,2019,2019-12-15,14,15,42,NWE,0,CIN,W 34-13,*,15,29,51.72,128,2,0,86.6,2,12,4.41,5.79,2,-2,-1,0,0,0,0,,0,0.00%,,0,0,0,0,0,0,0,0,0,0,,0,65,100%,0,0%,0,0%,
319,2019,2019-12-21,15,16,42,NWE,,BUF,W 24-17,*,26,33,78.79,271,1,0,111,0,0,8.21,8.82,4,4,1,0,0,0,0,,0,0.00%,,0,0,0,0,0,0,0,0,0,0,,0,73,100%,0,0%,0,0%,
320,2019,2019-12-29,16,17,42,NWE,,MIA,L 24-27,*,16,29,55.17,221,2,1,88.4,1,4,7.62,7.45,0,0,,0,0,0,0,,0,0.00%,,0,0,0,0,0,2,0,0,0,0,,0,61,100%,0,0%,0,0%,
321,2020,2020-09-13,1,1,43,TAM,0,NOR,L 23-34,*,23,36,63.89,239,2,2,78.4,3,15,6.64,5.25,3,9,3,1,0,0,0,,0,0.00%,,1,6,1,0,0,1,0,0,0,0,,0,70,100%,0,0%,0,0%,
322,2020,2020-09-20,2,2,43,TAM,,CAR,W 31-17,*,23,35,65.71,217,1,1,80.3,0,0,6.2,5.49,1,0,0,0,0,0,0,,0,0.00%,,0,0,1,1,0,0,-3,0,0,0,,0,61,100%,0,0%,0,0%,
323,2020,2020-09-27,3,3,43,TAM,0,DEN,W 28-10,*,25,38,65.79,297,3,0,115.8,2,12,7.82,9.39,5,0,0,0,0,0,0,,0,0.00%,,0,0,1,0,0,0,-1,0,0,0,,0,68,100%,0,0%,0,0%,
324,2020,2020-10-04,4,4,43,TAM,,LAC,W 38-31,*,30,46,65.22,369,5,1,117,0,0,8.02,9.22,3,-3,-1,0,0,0,0,,0,0.00%,,0,0,0,0,0,0,0,0,0,0,,0,76,100%,0,0%,0,0%,
325,2020,2020-10-08,5,5,43,TAM,0,CHI,L 19-20,*,25,41,60.98,253,1,0,86.7,3,20,6.17,6.66,3,0,0,0,0,0,0,,0,0.00%,,0,0,1,0,0,1,-2,0,0,0,,0,71,100%,0,0%,0,0%,
326,2020,2020-10-18,6,6,43,TAM,,GNB,W 38-10,*,17,27,62.96,166,2,0,104.9,0,0,6.15,7.63,0,0,,0,0,0,0,,0,0.00%,,0,0,0,0,0,0,0,0,0,0,,0,55,86%,0,0%,0,0%,
327,2020,2020-10-25,7,7,43,TAM,0,LVR,W 45-20,*,33,45,73.33,369,4,0,127,0,0,8.2,9.98,1,1,1,1,0,0,0,,0,0.00%,,1,6,0,0,0,0,0,0,0,0,,0,72,100%,0,0%,0,0%,
328,2020,2020-11-02,8,8,43,TAM,0,NYG,W 25-23,*,28,40,70,279,2,0,106.1,2,16,6.98,7.98,1,-1,-1,0,0,0,0,,0,0.00%,,0,0,0,0,0,1,0,0,0,0,,0,70,100%,0,0%,0,0%,
329,2020,2020-11-08,9,9,43,TAM,,NOR,L 3-38,*,22,38,57.89,209,0,3,40.4,3,23,5.5,1.95,0,0,,0,0,0,0,,0,0.00%,,0,0,0,0,0,0,0,0,0,0,,0,49,98%,0,0%,0,0%,
330,2020,2020-11-15,10,10,43,TAM,0,CAR,W 46-23,*,28,39,71.79,341,3,0,124,1,7,8.74,10.28,2,2,1,1,0,0,0,,0,0.00%,,1,6,0,0,0,0,0,0,0,0,,0,75,94%,0,0%,0,0%,
331,2020,2020-11-23,11,11,43,TAM,,LAR,L 24-27,*,26,48,54.17,216,2,2,62.5,1,7,4.5,3.46,0,0,,0,0,0,0,,0,0.00%,,0,0,0,0,0,0,0,0,0,0,,0,69,100%,0,0%,0,0%,
332,2020,2020-11-29,12,12,43,TAM,,KAN,L 24-27,*,27,41,65.85,345,3,2,96.1,1,3,8.41,7.68,1,-1,-1,0,0,0,0,,0,0.00%,,0,0,0,0,0,0,0,0,0,0,,0,59,100%,0,0%,0,0%,
333,2020,2020-12-13,13,14,43,TAM,,MIN,W 26-14,*,15,23,65.22,196,2,0,120.9,0,0,8.52,10.26,3,-2,-0.67,0,0,0,0,,0,0.00%,,0,0,0,0,0,0,0,0,0,0,,0,51,100%,0,0%,0,0%,
334,2020,2020-12-20,14,15,43,TAM,0,ATL,W 31-27,*,31,45,68.89,390,2,0,110.4,3,25,8.67,9.56,2,-2,-1,0,0,0,0,,0,0.00%,,0,0,0,0,0,0,0,0,0,0,,0,68,100%,0,0%,0,0%,
335,2020,2020-12-26,15,16,43,TAM,0,DET,W 47-7,*,22,27,81.48,348,4,0,158.3,1,7,12.89,15.85,0,0,,0,0,0,0,,0,0.00%,,0,0,0,0,0,0,0,0,0,0,,0,43,56%,0,0%,0,0%,
336,2020,2021-01-03,16,17,43,TAM,,ATL,W 44-27,*,26,41,63.41,399,4,1,117.8,1,8,9.73,10.59,5,3,0.6,0,0,0,0,,0,0.00%,,0,0,0,0,0,0,0,0,0,0,,0,67,100%,0,0%,0,0%,
337,2021,2021-09-09,1,1,44,TAM,,DAL,W 31-29,*,32,50,64,379,4,2,97,0,0,7.58,7.38,0,0,,0,0,0,0,,0,0.00%,,0,0,0,0,0,0,0,0,0,0,,0,65,100%,0,0%,0,0%,
338,2021,2021-09-19,2,2,44,TAM,,ATL,W 48-25,*,24,36,66.67,276,5,0,129.2,3,17,7.67,10.44,1,6,6,0,0,0,0,,0,0.00%,,0,0,1,1,0,0,0,0,0,0,,0,60,95%,0,0%,0,0%,
339,2021,2021-09-26,3,3,44,TAM,0,LAR,L 24-34,*,41,55,74.55,432,1,0,103,3,21,7.85,8.22,3,14,4.67,1,0,0,0,,0,0.00%,,1,6,1,0,0,0,0,0,0,0,,0,73,100%,0,0%,0,0%,
340,2021,2021-10-03,4,4,44,TAM,0,NWE,W 19-17,*,22,43,51.16,269,0,0,70.8,1,8,6.26,6.26,4,3,0.75,0,0,0,0,,0,0.00%,,0,0,0,0,0,0,0,0,0,0,,0,78,100%,0,0%,0,0%,
341,2021,2021-10-10,5,5,44,TAM,,MIA,W 45-17,*,30,41,73.17,411,5,0,144.4,2,15,10.02,12.46,1,13,13,0,0,0,0,,0,0.00%,,0,0,0,0,0,0,0,0,0,0,,0,62,84%,0,0%,0,0%,
342,2021,2021-10-14,6,6,44,TAM,0,PHI,W 28-22,*,34,42,80.95,297,2,1,102.1,0,0,7.07,6.95,4,1,0.25,0,0,0,0,,0,0.00%,,0,0,0,0,0,0,0,0,0,0,,0,75,100%,0,0%,0,0%,
343,2021,2021-10-24,7,7,44,TAM,,CHI,W 38-3,*,20,36,55.56,211,4,0,109.8,0,0,5.86,8.08,0,0,,0,0,0,0,,0,0.00%,,0,0,0,0,0,0,0,0,0,0,,0,65,89%,0,0%,0,0%,
344,2021,2021-10-31,8,8,44,TAM,0,NOR,L 27-36,*,28,40,70,375,4,2,112,3,25,9.38,9.13,1,2,2,0,0,0,0,,0,0.00%,,0,0,1,1,0,0,0,0,0,0,,0,61,100%,0,0%,0,0%,
345,2021,2021-11-14,9,10,44,TAM,0,WAS,L 19-29,*,23,34,67.65,220,2,2,80.5,0,0,6.47,5,1,2,2,0,0,0,0,,0,0.00%,,0,0,0,0,0,0,0,0,0,0,,0,48,100%,0,0%,0,0%,
346,2021,2021-11-22,10,11,44,TAM,,NYG,W 30-10,*,30,46,65.22,307,2,1,89.7,0,0,6.67,6.57,1,10,10,0,0,0,0,,0,0.00%,,0,0,0,0,0,0,0,0,0,0,,0,69,88%,0,0%,0,0%,
347,2021,2021-11-28,11,12,44,TAM,0,IND,W 38-31,*,25,34,73.53,226,1,1,88.6,2,9,6.65,5.91,2,2,1,0,0,0,0,,0,0.00%,,0,0,0,0,0,0,0,0,0,0,,0,67,100%,0,0%,0,0%,
348,2021,2021-12-05,12,13,44,TAM,0,ATL,W 30-17,*,38,51,74.51,368,4,1,112.2,0,0,7.22,7.9,1,-1,-1,0,0,0,0,,0,0.00%,,0,0,0,0,0,0,0,0,0,0,,0,70,100%,0,0%,0,0%,
349,2021,2021-12-12,13,14,44,TAM,,BUF,W 33-27,*,31,46,67.39,363,2,0,105.6,2,12,7.89,8.76,7,16,2.29,1,0,0,0,,0,0.00%,,1,6,0,0,0,1,0,0,0,0,,0,83,100%,0,0%,0,0%,
350,2021,2021-12-19,14,15,44,TAM,,NOR,L 0-9,*,26,48,54.17,214,0,1,57.1,4,30,4.46,3.52,1,2,2,0,0,0,0,,0,0.00%,,0,0,1,1,0,0,0,0,0,0,,0,74,100%,0,0%,0,0%,
351,2021,2021-12-26,15,16,44,TAM,0,CAR,W 32-6,*,18,30,60,232,1,0,95.4,0,0,7.73,8.4,1,11,11,0,0,0,0,,0,0.00%,,0,0,0,0,0,0,0,0,0,0,,0,64,96%,0,0%,0,0%,
352,2021,2022-01-02,16,17,44,TAM,0,NYJ,W 28-24,*,34,50,68,410,3,1,104.6,1,5,8.2,8.5,0,0,,0,0,0,0,,0,0.00%,,0,0,0,0,0,0,0,0,0,0,,0,74,100%,0,0%,0,0%,
353,2021,2022-01-09,17,18,44,TAM,,CAR,W 41-17,*,29,37,78.38,326,3,0,130.4,1,2,8.81,10.43,0,0,,0,0,0,0,,0,0.00%,,0,0,0,0,0,0,0,0,0,0,,0,51,85%,0,0%,0,0%,
354,2022,2022-09-11,1,1,45,TAM,0,DAL,W 19-3,*,18,27,66.67,212,1,1,87.3,2,17,7.85,6.93,2,-1,-0.5,0,0,0,0,,0,0.00%,,0,0,0,0,0,0,0,0,0,0,,0,62,100%,0,0%,0,0%,
355,2022,2022-09-18,2,2,45,TAM,0,NOR,W 20-10,*,18,34,52.94,190,1,0,79.3,1,2,5.59,6.18,3,-2,-0.67,0,0,0,0,,0,0.00%,,0,0,1,1,0,0,1,0,0,0,,0,67,100%,0,0%,0,0%,
356,2022,2022-09-25,3,3,45,TAM,,GNB,L 12-14,*,31,42,73.81,271,1,0,98.4,3,20,6.45,6.93,1,-1,-1,0,0,0,0,,0,0.00%,,0,0,0,0,0,0,0,0,0,0,,0,65,100%,0,0%,0,0%,